file_path,label,extracted_text
SCHEDULE/IMG_1243.PNG,0,"4:27 ( I 5 @ krmytrip.com u PUS SPK 여행 일정 2026년6월24일 이코노미 way 08:00 - 10:20 PUS CTS 2시간 20분 2026년6월28일 이코노미 tway 11:20 - 14:00 CTS PUS 2시간 40분 편도 항공권 조합 이 여행은 변경, 취소; 일정 변경에 대한 별 도의 조건과 함께 2개의 독립 편도 티켓올 결합한 것입니다. 자세한 내용은 여기예선 여행 이용 약관을 참조화세요 여행 세부정보 표시 수하물 1인당 1 n 1 I 0더 일반 터켓 w309,365 1인당 가격 선택 0"
SCHEDULE/IMG_1257.PNG,0,5:25 EASTARJET 8 = 예매내역 조회 예약번호 QBIWXQ 온라인자동)체크인 여정정보 '구간 1:사꾸회신치토세(CTS)-부산(PUS) 날짜 2026.0628(일) 17.40~2100 출발 터미널 터미널 | 도착 터미널 터미널 | 편명 ZE952 기종 B738 (186) 운임규정 할인운임 %해당항공 스레줄은정부인가 조건에 따라 예고없이변경되수 있습니다: X변경 또는 취소할 구간만 선택하여 주십시오 '; = 흙 예매 나의예매 체크인 전체메뉴
SCHEDULE/IMG_3278.PNG,0,"6:32( 5G TICKET-290322078260-1 완료 도 Muinchen Ticket Gasteig HP8, Isarphilharmonie Hans-PreiBinger-StraBe 8 Freitag, 13.06.2025 19:30 Uhr 틀 81379 Munchen [ U30 8. Abonnementkonzert C Parkett Mitte Reihe: Andris Nelsons, Dirigent Sitz: 27 Rachel Willis-Sorensen Sopran Tur A, EG Debussy Wagner, Berlioz Nur gultig in Verbindung mit einem gulltigen Lichtbilldausweis Einlass wird kontrolliertl Kat. Il U30-Ticket Preis: 14,00 EUR inkl Gebuhren Anderungen vorbehalten; Urntausch und Rucknahme ausgeschlossen Dig Munchen Tickel GmbH verkaull narnens urdd Aultrag des nenannen Veranstallers @ine Entrittskarte Daneben komrnil mtweb/i6gg9134//290322078260- Kelng wallgte Vetragsbetehung Zwscher der Muncher Ticket Munchen Ticket GmbH 12.05.2025 16.45 Uhr und deT Erwgtber UorEintriliskarle Zustarde Ticketbesteller: Zeigen Sie dieses Ticket digital am Einlass vor oder drucken Sie es In ausreichender Qualitat aus Frau Chae yoon Jeong Ticketnummer: 2206 290322078260-1 Jochbergweg 7 85748 Garching mtweb//6999134//290322078260-1 12.05,2025 1645 Uhr Ticket = Fahrkarte Dieses Print@Horne-Ticket kann zu den ublichen Bedingungen als MVV-Ticket verwendet werden (Hinfahrt ab 15 Uhr oder drei Stunden vor Vorstellungsbeginn Ruckfahrt bis 6 Uhr des Folgetags) Voraussetzung ist dass der auf dem Ticket MVV aufgefuhrte Besteller bei der Fahrt personlich anwesend ist und sich 9 ggt durch einen amtlichen Ausweis legitirnieren kann Wurden mehrere Tickets gebucht muss die Gruppe den MVV gemeinsam nutzen; der Besteller mnuss in diesem Fall durch den Zahlungsbeleg nachweisen dass die Gruppenstarke mit der Ticketbestellung ubereinstimmt Munchen Ticket GmbH Postfach 20 14 13 80014 Munchen Telefon 089 54 81 81 81 WWWmuenchenticketde Grrbla"
SCHEDULE/IMG_8503.PNG,0,1834 1 켜 여오 A 완료 s.tabelogcom 예약 완료 예약올 접수햇습니다 예약 번호: USU78Y878U 전화번호: 01093017834 예약 확인 메일올 보색습니다 arseneo218@gmailcom 사부사브 추카다 시부야 스크램블 스웨어 1월 20일(토) 20.00 예약 확인 내접은 업이 편리 예약 정보름 통지로 리마인드 가게로 가능 도보 루트록 지도로 검색 가다 근 그이 므로로 바로 사요하 스 이다 지금부터 24시간 한정! 50Opt틀 받다 김 업 로그인으로 포인트 확득
SCHEDULE/IMG_9184.PNG,0,12:39 승 @ mypusanac kr = 부산대학교 학생역커지원시스템 전체 보기 ' 비교과 프로그램 신제 모기 2025 부산대학교 도서관 알쓸인짝 존깨의 찌도 하늘과 바람과 별과 인간 11원 7입 금요입 오후 2시 새벽벌도서관 1 층 새벽마루 김상육 교수 주제별 상이 607 HITS 2025학년도 알아두면 쓸 데 잇는 신비한 작가사전 #도서관 #강연 #알쓸 #강연회 #알쓸신작 #김상육교수 #물리학자 #김상육 모집대상 전체 학생 교수/대학원생 교직원 학년| 성별 전체 학년 전체 성별 16
SCHEDULE/IMG_2562.PNG,0,6:41 사진 시스템소프트웨어 (CB2400108-060) 과목공지 [공지] 기말고사 일정 재조정 작성자 : 안성용 작성일 2023-06-08 18.37 조회수 : 10 기말고사 일정에 여러가지 이견이 있어 기말고사는 6월 20일 화요일에 보도록 하켓습 니다: 이전글 : [공지] 기말고사 일정 조정 안내 목록 PLATO
SCHEDULE/IMG_3899.PNG,0,"5:35 사 오후 5.49 entradeseicubnet 한국어 영어 언어변경 Ajuntament de Barcelona CAT ESP ENG Payment Details ' Holder: Jeong Chaeyoon Receipt Number: CASTELL/4/1/733294 Today's date: 22/06/2025 17:34:43 Order Number: 173441837 Payment ~7 Authorization: Amount OE Cactoll Admiccinn Castell de Montjuic Carretera de Montjuic 66, 08038 Barcelona N C paid:"
SCHEDULE/IMG_8260.PNG,0,1:23 5G 취소 Day Ticket 추가 MVG Day Ticket VALIDITY MVV 23.08.25 09.15 24.08.2506.00 CUSTOMER NAME CUSTOMER GROUP Chae yoon Jeong Group START STATION AREA OF VALIDITY M Valid only with photo ID.
SCHEDULE/IMG_9619.PNG,0,10:50 ::l 4G 모바일 탑승권 보기 X JEONG/CHAEYOON 편명 7C1163 출발일 2024.01.23 탑승구 미정 좌석 4E (탑승순서3) 탑승권 이미지 저장하기 도료(나리타) 부산 NRT PUS 탑승 시간 10.05 출발 시간 10.35 예약번호 MBSTHQ 일런번호 19 위탁 수하물 15KG 탑승권 취소 APPLE Wallet 안에 추가하기
SCHEDULE/IMG_2834.PNG,0,'   11:50 O:00 O ' < ' ' ' 제목: Seoul 방문 예약 ~-~외무부 방문 일정 예약 시스템--- 안녕하세요 Chae Yoon Jeong 님 귀하는 16.07.2024 10:00 10:15 Seoul 에 위치한 재외공관에서 비자 (90일 초과) 신청올 위해 방문 일정올 예약하석습니다: 귀하의 예약번호는 22100962입니다. 귀하와 다른 방문자들의 불필요한 대기시간을 줄일 수 잎 도록 정확하게 예약 시간 10분 전까지 대사관에 도착해 주시기 바람니다. 신청 절차 관련 정보클 자세하게 읽어보시기 바람니다. 해당 정보는 대사관 흉페이지wWW seoul diplo de 에서 찾아보실 수 있습니다. 신청서 서류가 완전하게 갖취지지 않은 경우에는 신청이 불가능합니다. 이 경우 수수료 없 이 신청이 거절되며 추후에 다시 방문일자루 예약하서야 합니다: 예약일에 본 이메일올 인쇄 또는 디지털 형식으로 반드시 지참하서야 대사관 방문이 가능합니다. 예약 시 기입한 내용은 변경 또는 수정이 불가능합니다. 기입한 내용이 올바르지 않을 시에는 먼저 예약올 취소하 고 다시 새로운 일정올 예약해야 합니다. 예약 일정이 불 필요해지거나 예약 일시에 방문이 불가할 경우에도 모든 방문자들께 최대한 빠른 시일 내에 예약시간을 잡아드길 수 있도록 예약올 취소해주시기 바람니다. 예약 취소 굉크 Stornolink
SCHEDULE/IMG_0103.PNG,0,"1:42 예정된 예약 3주 후 j표 콤 L 숲 4 * U시<500 곧 =#리l] 풀내 _주) JtJ MITSUI FUDOSAN RESIDENTML ju # 물 봄 Pakuten 5uFi) L Rakuten LIFULL STAY Inc 오사카 Stayat Osaka 넘이 호스팅하는 공동 주택 전체 1-chome-14-2 3월 27일 Minamisenba Chuo 3월 30일 Ward 2024년 오사카; Osaka 일본 Chuo Ward 근처의 즐길 거리 살펴보기 식음료 최 체험 57개 체 -Iol ! 9 ""= r7L = = - 검색 위시리스트 여행 메시지 프로필"
SCHEDULE/IMG_7446.PNG,0,6:52 IIl LTE 확인 및 동의 여정 상세 가능 편 1 ; 0 { 0 7C1164 FLYBAG 2024.01.17(수) 2024.01.17(수) 0735 0935 부산 도교 나리타 오는편 1 ; 0 { 0 7C1163 FLYBAG 2024.01.231화) 2024.01.23(화) 10.35 13.15 도교 부산 나리타 항목별 운임 상세 다음
SCHEDULE/IMG_2311.PNG,0,"11:51 ""III 5G Find booking Tickets Arrived at 11:44 PM MAY 13, 2025 MAY 13 2025 MI 6:10PM 1O:20PM Venice Milan M (Tronchetto) (Lampugnano bu. 2X 2X LINE Bus N729 Direction Paris (Bercy Seine) TRIP DETAILS Booking Tickets More"
SCHEDULE/IMG_2139.PNG,0,"짐 목록에 있는 게임 2개가 할인 중입 니다] Stardew Valley ST,RDIEW W쁨[[EV 4096 #46,000 # 9,600 특별 할인! 종료일: 2026년 7월 10일 2.OOam KST"
SCHEDULE/IMG_2273.PNG,0,11:43 ; ( 한국어 영어 언어변경 예매번호 0042-0620-6083-382 극장판 하이규!! 쓰레기장의 결전 Haikyu!!: The Dumpster Battle . 오보 그el 2D 전체관람가 상영일 6/22 (토) 상영시간 09:40 11:15 상영관 CGV 동래 4관 7층 (Laser) 좌석 일반 1 좌석보기 C08 입장 지연에 따른 관람 불편올 최소화하기 위해 본 영화는 10분 후 상영이 시작월니다. 영화 상영시작시간 15분 전까지 취소가 가능하다 캠처화면은 입장이 제한월 수 있습니다. N C
SCHEDULE/IMG_0464.PNG,0,"10:05 buchung zhs-muenchende ZHS 대 Zentraler Hochschulsport Minchen MobileTicket Teilnehmer*xin Chae yoon Jeong Eras TUM 00001-2869 Angebot Basic-Ticket Sommer 25 Studierende gultig 28.04,.2025-11.10.2025 본 텍스트 역 평가 대주신 의견은 Google 번역올 개선하는 데 사용되니다. 60"
SCHEDULE/IMG_1545.PNG,0,"10:58 마라키쉬메나라 5월 26일 (월)-5월 29일 (목) 여행객 1명 왕복 일반석 프랑크푸르트한 마라키쉬메나라행 오전 5.45 오전 8.25 직항 Malta Air에서 운항 3시간 40분 마라키쉬메나라 프랑크푸르트한행 오전 8:50 오후 1:30 직항 Malta Air에서 운항 3시간 40분 자세히 보기 티켓 예약하기 3개 항공사 찾음 가격 표시 통화: KRW 예약 전에 위기 라이언에어 항공사 w207,459 사이트로 이동 Kiwicom w213,719 1.11/5 2,933 사이트로 이동"
SCHEDULE/IMG_2110.PNG,0,' 2026년 6월 30일 화요일 * 고미 징징이 3 16일에 만나용 다들 괜찮나요? 오후 12:47 강문성 목요일? 딱좋다 77 * 오후 5.15 좋아여 오후 7:05 메시지 입력 #
SCHEDULE/IMG_6612.PNG,0,"al the cash registers [O Obtain a ticket wIth an entrance time unter de. WWW.spsg: 4. Der Weiterverka 9.50 eines Online-Tickets tber Dritte Please find alist ofall the palaces ofthe Prussian Palaces and ist verboten. Gardens Foundation Berlinfllen4Gith d opening hours at WWW.spsgde. Third party resale or purchaseis prohibited. Bitte Online-Ticket vor Nasse schiitzen Please keep your online ticket dry Besuchstag 10.08.2025 Preis EUR 17,00 Visiting Day Price 물 STIFTUNG 응 PREUSSISCHE SCHLOSSER UND GARTEN BERLIN-BRANDENBURG SANSSOUCI+ ERMASSIGT 곁 Schloss Sanssouci Audioguide [ Einlasszeit / entrance time: 14.50 Uhr [ 흙 Gultig fur den genannten Beginn Bei Verspatung kein Anspruch Bitte nicht knicken aut Einlass Gultig fur den einmaligen Besuch aller Schlosser Please do not bend in Potsdam an einem Tag. Valid for the entrance time indicated on the ticket In case of late arrival no right for entry. Valid for one visit to each of the palaces in SPSG.DE Potsdarn on one day. SPSGMUSEUM 38200105136474 HINWEISE ZUM ONLINE-TICKET INFORMATION Online-Ticket ,sanssouci+u berechtigt zum einmaligen Besuch Ermafigte Online-Tickets gelten nur bei Vorlage des entsprechenden aller Schlosser der Stiftung Preufische Schlosser und Garten Nachweises Andernfalls verfallt das Online-Ticket. Berlin-) Brandenburg (SPSG)* in Potsdam an einem Tag (ausgenommen Belvedere Pfingstberg, Schloss Sacrow und Jagdschloss Stern) Discounted online tickets always require valid identification; without it an online ticket is invalid The online ticket sanssouci+"" is validfor one and entitles its holder to a single admission to allthe palaces ofthe Prussian Palaces and 6.Eine Umbuchung und Riickgabe von Online-Tickets ist nicht gestattet Gardens Foundation Berlin-Brandenburg (SPSG)* in Potsdam, except the Belvedere on the Pfingstberg, Sacrow Palace and Stern Hunting Lodge. Online tickets are non-refundable and cannot be changed. Das Online-Ticket >sanssouci+o ist an eine feste Einlasszeit fiir das 7 Die Benutzung des Online-Tickets unterliegt den beim Registrieren Schloss Sanssouci gebunden Die auf dem Online-Ticket angegebene akzeptierten Allgemeinen Geschaftsbedingungen Einlasszeit ist verbindlich einzuhalten, ein Einlass nach Beendigung der genannten Einlasszeitist nicht mehr moglich Use ofthe online ticketis subject to our General Terms & Conditions agreed to upon registration. The online ticket sanssouci+"" includes afixed entrance timefor Sans- souci Palace Please note that admittance cannot be granted after the entrance time has expired, which is indicated on your online ticket. 3. Bitte zeigen Sie Ihr Online-Ticket )sanssouci+u ftir den Zutritt ins Schloss direkt am Einlass vor. Schlosser der SPSG sind nur mit Fiihrung* zu besichtigen Bitte beachten Sie die jeweiligen gultigen Offnungszeiten unter WWW.SpSg de Fiir den Besuch von Ftihrungen aller weiteren Schlosser ist das Online-Ticket zuerst an derjeweiligen Schlosskasse vorzulegen. Sie erhalten dort ein Zusatzticket mit der Fiihrungszeit fiir den Einlass zum Schloss. To visit Sanssouci Palace please presentyour online ticket sanssouci+ atthe access control Several palaces can only be visited on guided tour. Please be advised of our opening hours: WWW.spsgde For palaces which Eine Aufstellung der Schlosser der Stiftung Preufische may only be visited on a guided tour, please present your online ticket Schlosser und Garten sowie deren Offnungszeiten finden Sie atthe cash registers to obtain aticket with an entrance time unter WWWspsgde. 4. Der Weiterverkauf oder Erwerb eines Online-Tickets Dritte Please find alist ofall the palaces ofthe Prussian Palaces and ist verboten_ Gardens Foundation Berlin-Brandenburg with valid opening hours at WWW.spsgde. Third party resale or purchaseis prohibited. Das day Einige iber"
SCHEDULE/IMG_2128.JPG,0,"4:10 76 예매내역 2025 NCT DREAM FANMEETING <DREAM QUEST> a- NST ORSDM SRIVWI35 예매번호 M251053731 DAMQUEOI 예매자명 공다은 예매일 2025.05.08 관람일 2025.05.24 (토) 17.00 03395Xh5996 ARSCA +350N,4p"" 공연장소 인스파이어 아레나 셋리스트[ 매수 1매 취소마감일시 2025.05.23 17.00 까지 상태 예매완료(카드) 관함후기 작성하기"
SCHEDULE/IMG_0111.PNG,0,11:31 예약 내용 확인 아직 예약은 완료되지 않있습니다 아래 내용올 확인한 후 예약올 확정해 주세요 예약 점포 캠름 카페 우메다점 예약 일시 2024년 3월 28일(목) 13.00 예약 인원수 2명 예약 일시 조건올 변경하다 선택 중인 코스(전 1건) 은혼 코스트 변경 추가하다 고객명(카나) 정채운 전화번호 01093017834 메일 주소 arsene0278@gmail.com 상기 [주의사항]올 확인해 주세요 확인햇습니다 고객 정보름 변경하다 bookingresebookjp
SCHEDULE/IMG_5082.PNG,0,"5:02 WhatsApp abo.ride-ticketingde 폐이지 번역팅 원본 보기 출발어: 독일어, 도착어: 한국어 Keine aktiven Tickets Hier erscheinen alle deine aktiven Tickets sobald deren Gultigkeitszeitraum startet. Noch nicht giiltig Deutschlandsemesterticket Von: 01.10.2024 0O:00 Bis: 31.03.2025, 23:59 Chae Yoon Jeong 30"
SCHEDULE/IMG_3183.PNG,0,11:46 완료 vuelingcom C = Your booking CJ CONFIRMED RFEHHV Hand luggage You can only carry 1 underseat cabin bag(max. 40x30x20 cm) Ifyoutakea second piece of luggage orifyour hand luggage exceeds the permitted sizeit will be checkedinata cost ofup to EUR 75.00. The passengers who have stated that want to collect Avios will getthe Aviosin their accountafter the flight FRI 20 JUN Munich Barcelona MUC 10.25 BCN 12:35 2h 1Om Flight No: VY1813 vueling Addto your calendar MANAGE YOUR BOOKING CHECK-IN OUR PACKS Paylessforallthe extras you need! they
SCHEDULE/IMG_8028.PNG,0,"' RNIL 승차권 예약 발매일 재조정 알림 대상열차 2025년 1월 1일(수) 이후 운행하는 KTX 및 일반열차 (ITX청춘, 관광열차 포함) 승차권 예약 발매일 224년 12월 13일 공지한 승차권 예약 . 발매일은 이래와 같이 변경립니다 운행일자 대상노선 승차권 발매 일시 경부 . 경전 대구 . 충북 2024년 12월 23일월) 225년-월1일 중부내륙 경북선 06:0O부터 ~월 5일 호남 전라 강령 장항 중앙 2024년 12월 24일화) 태백 . 영동 . 서해 . 동해 . 경춘선 06:00부터 경부 . 경전 . 대구 . 충북 2024년 12월 26일목) 225년구월6일 중부내륙 경부선 06:0O부터 이후 호남 . 전라 강령 장황 중앙 2024년 12월 27일금) 태백 영동 . 서해 . 동해 경춘선 06:00부터 접숙자가 많아 대기시간이 길어질 수 앞는 점미리 안내드컵니다 예매일별 노선 자세히 보기 한국철도공사 오늘 그만 보기 닫기"
SCHEDULE/IMG_2129.JPG,0,"4:10 < 76= 예매내역 2025 울산서머페스티벌 쇼 음악중심 예매번호 M256048099 예매자명 공다은 떼 껍얹생 예매일 2025.07.11 2-7 AUG 2025 하w  불"" 관람일 2025.08.04 (월) 19:30 폐기 ' 공연장소 울산종합운동장 보조경기장 매수 1매 취소마감일시 2025.08.02 10:59 까지 상태 예매와로(입금완료) 관람후기 작성하기"
SCHEDULE/IMG_0066.PNG,0,"5.42 승 @ +82 1544-8855 선물이 도착햇습니다! 관함권번호: 1923002737264 관광권비밀번호: Iwnbnlhx 상품수량 직원시사권/매 사용기간 2023.12.03~2024.03.02 사용방법 흉페이지모바일 > 마이시네마이서 구돈 등록 후 사용 영화관 방문 > 못데시네마 키오스크 에서 결제 시, 관광권 선택 후 바코드 인식 *룻데시네마 흉페이지모바일웬| 모바일입에서만 사용 가능합니다. *본 관함권은 적립이 불가하여, 사용 기간 내(관람일 기준) 사용하실 수 있습니다: *통신사 사정에 의해 발송이 지연월 수 있습니다: *못데시네마 모바일업 다운로드 IOs httpsllgoo-gllaVGioL Android https:llgoo-gVfOYMZN 룻데시네마 [Web발신] LOTTE CINEMA 선물이 도착햇습니다 문자 메시지"
SCHEDULE/IMG_1972.PNG,0,6:39( 1 승C4 탑승권 보기 | JINAIR 진에어 | ' < WWWjinaircom 출발 (From) 도착 (To) 제주 부산 CJU PUS 편명 탑승일 예약번호 LJ568 2024.06.03 Q6XE2K 좌석번호 탑승시간/ 출발시간 48D 18.55 /1915 탑승게이트 탑승순서 ZONE C 유의사항 휴대 수화물이 1개름 조과하는 경우 반드시 수속카운터에서 미리 위탁해주시기 바람니다: 허용량 조과시 탑승구데도 별도 수수로가 발생월니다: 탑승 전 수화물 유의사항울 반드시 확인하여 주시기 바람니다.
SCHEDULE/IMG_9270.PNG,0,"936 Project: Proposal Report Project: Proposal Report 프로적트 설계와 관련된 proposal report틀 제출해주세 요 Due date눈 11/4 화요일 오후 11*59 까지 입니다. 철부문 양식울 사용해주시면 I니다. 분량은 3-5장으로 작 성해주세요. 실용적인 것을 구현해도 중지만, 재미있고 독특한 것도 중 습니다: 진행하고 배워가면서 수정해가다 완성하는 프로적트이니 계획에 너무 부담 가지지 마세요. Thisisa proposal report related to your project design: The due date is until 11:59 PM on Tuesday; 11/4. Please use the attached form. Please writein 3-5 pages. It's to implerent sorething practical; but it'salso nice toimplerent somethingfun and unique. This is 3 nroiectthat will comnlete hulearnino PLATO good"
SCHEDULE/IMG_2127.JPG,0,"4:10 76 예매내역 SMTOWN LIVE 2025 [THE CULTURE, THE FUTU: SMTOWN LIVE 예매번호 M248707787 2025 GOCHEOK SKYDOHE 07134770112509 거 예매자명 공다은 예매일 2024.11.22 관람일 2025.01.71 (토) 1700 THECULTURE 공연장소 고척스카이듬 TH FUTURE 매수 1매 취소마감일시 2025.01.10 1700 까지 상태 예매와로(입금완료) 관함후기 작성하기"
SCHEDULE/IMG_0644.PNG,0,1:33 :X힘 4G SMS 탑승권 WWWjinaircom uIIIIP BOARDING PASS JEONGICHAEYOON 48 출발 (From) 도착 (To) 오사카간사이(KIX) 부산PUS) 편명 탑승일 L256 2024-03-30 예약번호 좌석번호 DDRSE2 46C 탑승시간 탑승 게이트 (출발시간 27 16.05/16:30 탑승순서 ZONE B 안내사항
SCHEDULE/IMG_5072.PNG,0,"7:58 C4 < 5 우체국 = 우편 :1588-1300, 보험:1599-0100, 예금:75.. 채널 추가 알림록 차단 kakao 알림록 도착 ""서로 존중, 함께 배려"" 정채운 님 TN2OO47 고객님! 우체국입니다 고객남의 부재로 배달하지 못한 등기우편물(등기번호1899_0807_28714 )올 24.70.10까지 우체국에 보관할 예정이 며 수령올 원하시면 '도착안내서'와 신분증올 지참하여 우체국올 방문해 주시기 바람니다. 만일 , 24.10.70까지 찾아가지 않을 경우 발 송인에게 반송되니다. 등기 재배달올 희망하시면 아래 전화로 전화 문자 바람니다. 무인소포함 배달 신청도 가능합니다. 우편고객센터 '1588-1300 집배원 강갑주 010-4213-8154 동래우체국 0051-559-7050 (연락 당일은 재배달이 되지 않습니다 ) 보관등기 문의 동래우체국 051-559-7054 명류동   복천동  칠산동 , 수안동 낙민동 은 등기통상우편물 배달제도 개선올 위해 배달횟수 및 보관교부 기간을 조정하여 시험운영중임올 안내드립니다. (2회배달 2일보관 2회배달, 5일보관) = 1lrL LrIInll rrI기 rIInlrlo In HL 1 U=L 채널 흙 바로가기"
SCHEDULE/IMG_9476.PNG,0,"10:54 55 +82 1577-3111 > 문자 메시지 SMS 12월 19일 (목) 오후 3.40 영재교육연구센터GED [Web발신] [온라인문화상품권 안내] (타인이 상품권올 요구하는 경우 각종 사기 범죄로 이용월 수 있습니다. https:llculturegift co krlcustomerlcaution 폐이지틀 참조 하세요 ) 금액 20,000원 온라인문화상품권 번호 3462-9404- 1050-290482 유호기간 2024.12.18 ~ 2029.12.17 발송 메시지 국가창의인재로 등록해 주서서 감사드컵니다. 참여해 주신 모든 분들의 근 꿈이 성취되기름 기원드립니다. 이용안내 https:llculturegift co krlgiftcardlonline 환불안내 ' 1) 구매처에서 환불 가능합니다. 2) 구매금액 기준 유호기간 내 100분의60 (1만원이하 100분의80) 이상 사용 시 잔액 환불 가능합니다. 본 상품은 (주) 문화상품권의 신용으로 발행되없습니다: 문자 메시지 SMS"
SCHEDULE/IMG_2126.JPG,0,"4:11 76 예매내역 2025 NCT DREAM TOUR <THE DREAM SHOW 4 구SCRBRTU a 예매번호 M251072359 # 예매자명 공다은 그나, 예매일 2025.05.08 관람일 2025.07.10 (목) 19.00 공연장소 고척스카이롬 매수 1매 취소마감일시 2025.07.09 17.00 까지 상태 예매완료(카드) 관함후기 작성하기"
SCHEDULE/IMG_2130.JPG,0,"4:10 < 76= 예매내역 2026 NCT DREAM TOUR <THE DREAM SHOW 4' ' TNSYRe6물HW4 , 예매번호 M264767210 콤훈 예매자명 공다은 FNLX 예매일 2026.01.21 관람일 2026.03.28 (토) 18.00 공연장소 KSPO DOME 매수 1매 취소마감일시 2026.03.27 16:59 까지 상태 예매완료(카카오페이) 관함후기 작성하기"
SCHEDULE/IMG_3951.PNG,0,11:09 E-ticket 이메일 재발송 탑승객2 (성인) 탑승객3 (성인) 탑승객4 (성인) 탑승객 정보PASSENGER INFORMATION 탑승객명 PARKITAESOON MS PASSENGER 항공권 번호 7222816111969 TICKET NO 여정 정보ITINERARY INFORMATION 가능편 티웨이항공 TW0403 예약번호 LLZD4F BOOKING NO 출발 인천(ICN) DEPARTURE 2025.08.14 (목) 09:50 TERMINAL 1 도착 프랑크푸르트(FRA) ARRIVAL 2025.08.14 (목) 16:50 TERMINAL 2 무료 수하물 23kg BAGGAGE
SCHEDULE/IMG_2124.PNG,0,8:58 100 상세 예매 내역 모바일티켓 QR코드로 바로 입장할 수 있어요. @@야 2026 Busan One Asia Festival 건요 (BOF) with NOL NOC ;z 고a 큰서트 부산아시아드주경기장 예매번호 T2969173190 외 2매 관람일시 2026.06.27(토) 오후 05.00 관람장소 부산아시아드주경기장 좌석정보 D석 스랜드 3층 E57 2열 4 외 2석 취소가능 기한 2026.06.26(금) 오후 05:00 티켓 수령방법 모바일 티켓 0 예매지명 공다은 연락처 01045284190 예매일자 2026.05.12(화) 예매상태 예매 완료 모바일티켓 보기 좌석 정보
SCHEDULE/IMG_0055.PNG,0,"예매가 확정되없습니다 내 예매는 네이버마이에서 찾을 수 있어요. 바로가기 > 서울광장 스레이트장 1. 17(토) 오후 2.30 서울광장 스레이트장 입장권(기/12~18) 3,000원"
SCHEDULE/IMG_2134 (1).PNG,0,9:05 < 11 므 webstorelysncom bubble 구독관리 결제내역 [Web] NCT 개인권 MARK 종료 예정 [Web] NCT 개인권 JENO 결제예정 2026.04.23 KST (UTC+9)
SCHEDULE/IMG_0109.PNG,0,"8:23 II 승 @ 홍보게시판 부산대 익명 03/06 17:18 카카오테크 캠퍼스 온라인 설명회 부산대학교 소프트웨어움합교육원에서는 (주) 카카오와 함께 팀 프로적트 수행올 통한 현업 투입 가능한 주니어 개발자 양성올 위해 ""카카오 테크 캠퍼스""틀 운영하고 있습니다. 해당 과정에 대한 온라인 설명회가 내일(3월 7일) 19시부터 시작되니 관심 짓는 학생들의 많은 참여 바람니다. 프로그램명 카카오 테크 캠퍼스 2기 온라인 설명회 일시 2024.03.07 (목) 19.00 ~ 신청방법 공지사항 포스터 QR 코드 촬영 후 신청 공지사항 httpllbitlyl3Tpsa) kakao 카카오테크 캠퍼스 techpus  2기틀 모집합니다! 카카오와함께하논단계별교육프로그램울통해 SW개발자로성장해나갈분들올모집합니다 GROW TOGETHER 익명 덧글올 입력하세요."
SCHEDULE/IMG_6578.PNG,0,"12:20 대화방 본사와 직접 1.1 예약하는 스위스 . 예약 내역 > 부늬느답니나 ) 예약 확인하기 ZIII 패러플라이당인터라켓 뼈m 안녕하세요w 패러플라이당 인터 라켓입니다. 날짜 및 인원: 패러플라이당 ""Big Blue 여름시즌"" (17 August 20 25, 08.15) 4명 예약 잘되없습다 다: 퍽업: 인터라켓 동역 맞은편 COO P 앞에서 트립 시간에 맞취 여유롭 게 대기해주세요. 퍽업은 빨간색 미니번 Paragliding Interlaken 이라고 적인 차랑이 갑니다: 현지 예약번호: 가장 중요한 예약 번호는 #30133384 이렇게 덥다 다: 사진 및 영상: 현장에서 40프랑에 결제가 가능하구요. 현금 또는 카 드로 결제 가능합니다: 긴급 카득: 당일 예약 변경 및 퍽업 변경은 카카오록 Paraglide틀 통 해 '영어'로 해주시면 저희 현지 크 투가 빠르게 답변해드럽니다s 오후 12.10 + 메시지루 입력해주세요."
SCHEDULE/IMG_3831.PNG,0,10:32 II LTE 체크인 8네 제그난 관도 클래스 이코노미 좌석 36H 좌석 변경이 불가합니다. 연결 시간: 2 HOURS 40 MINUTES MUNICH MUNICH INTERNATIONAL (MUC) 9.50 오후 HANNOVER HANNOVER (HAJ) 10.55 오후 1 시간 5 분 LH2106 JEONG CHAEYOON 체크인 상태 체크인 완료 클래스 이코노미 좌석 11A
SCHEDULE/IMG_2125.JPG,0,"4:11 76 예매내역 2024 K - 유직 시즌 긋밤 큰서트 부산 [무O새 예매번호 M246117739 긋다 예매자명 공다은 통M름 2024.I,3mH-S/]An 예매일 2024.09.14 관람일 2024.10.03 (목) 19:00 공연장소 해운대 해수욕장 6V""7 셋리스트[ 매수 1매 취소마감일시 2024.10.02 1700 까지 상태 예매와로(입금완료) 관람후기 작성하기 ADAOAE"
SCHEDULE/IMG_2131.JPG,0,상세 예매 내역 관광일이 49일 남앉어요 배송받은 티켓올 지참하여 입장해 주세요. _드: 스 내 [I고E선 'I크 NCT DREAM 1OTH ANNIVERSARY PARTY <THE. 큰서트 인스파이어 아레나 armisuma 예매번호 관람일시 2026.08.22(토) 오후 05.00 관람장소 인스파이어 아레나 좌석정보 일반석 취소가능 기한 2026.08.21(금) 오후 05.00 티켓 수령방법 배송 0 예매자명 공다은 연락처 예매일자 2026.06.23(화) 예매상태 예매 완료 배송지 정보
SCHEDULE/IMG_9289.PNG,0,"1:25 오와켓이크 신당역점 예약이 확정되없습니다 내 예약은 지도입 MY에서 찾올 수 있어요. 바로가기 > 오와베이크 신당역점 11. 2(일) 오후 12.30 미니켜이크 예약 22,000원 TEN님께 드리는 쇼핑 소식입니다 살림백서 N 스로어 배서 살림백서 ZERO 출시! 뵙다 세일 기간동안 피부고민 슬 UCA Il 900 '' EhMIHT:U 루선 특립하세요 ! 70% 550 흙 푹 힘 a lYS터I MuXIX SJI기 71% 넷다세일 OFF 혜택 더보기 스토어의 최근 혜택 정보입니다. AD 주변 가불만한 곳 추천"
SCHEDULE/IMG_2486.PNG,0,12:23 5@ 국내 숙소 예약내역 이용전 이용후 취소팀 예약확정 예약 상세 > 14일 2시간 36분 뒤 입실 가능 당일특가 호텔 포코 성수 스랜다드 트원 1박 체크인 체크아웃 715 (월) 15.00 716 (화) 17:00 숙소 상세 주소 복사 예약취소
SCHEDULE/IMG_2121.JPG,0,49 우리 내일 그시에 여기서 보는거 어때? 2 오후 4:29 #바오하우스 전포 BAOHAUS 바 오하 우 스 0U5주간 gA0 Cxiuts S다 2인)드 s6;7사 그-1YUWeile| 나Dh- 1+ PI- 쁘; Jalll-y BEER nCE Nss_ES 도시  OHIuK; 바오하우스 부산 부산진구 서전로38번길 62-9 1-2층 전포동 685-3) 장소 길찾기 2 오후 4:30 메시지 입력 # O :
SCHEDULE/IMG_2109.PNG,0,[카카오맵] 움창찌에 서면점 부산 부산진구 서전로9번길 60 1-2층 (부 전동) https:llkko tol5UwtvzCEy 움창찌에 부산 부산진구 서전로9번길 60 kkoto 아님 여긴어c 어때 오후 2:39 오 좋아 그럼 저기 앞에서 1시까지 볼까? 오후 2:40 경 피어 껍히다 ' ## 육옷
SCHEDULE/IMG_7448.PNG,0,"7:19 II ? @ 예약 완료 도교 / 동경 여행 계획이 있으신가요? Activities 도교 / 동경의 베스트 액티비터 특가 상품올 Near 예약하세요 You 액티비티 예약하기 예약 번호 1057525044 JR 이스트 호텔 메츠 시부야 수 1월 17 2024 화, 1월 23, 2024 6 박 슈페리어 싱글룹 (2인, 금연) 객실 1개 X 6박 # 1,017,253 세금 및 봉사료 # 101,726 총 결제 금액 # 1,118,979 여행 세부 사랑 보기"
SCHEDULE/IMG_1818.PNG,0,"11:48( 5 @4 캠처 화면으로 입장이 불가합니다. P 주차권 위치보기 시씨 극장판 하이규!! 쓰레기장의 결전(디지털) 동래 2관(8층) 예매번호 13941957 > 06월04 일(화) 17.05 18.39 성인 2 J9, J10 관함등급에 맞지 않는 연령의 고객 입장 시, 영화관람이 제한월 수있습니다: 극장판 하이규!! 쓰레기장의 결전(디지털) SWEET#과 함께 즐겨보세요 [TEFP ANEP Sueet 구매하기 CDOL CDOL"
SCHEDULE/IMG_9261.PNG,0,2025.10.29(수요일) 안녕하세요. 임베디드시스템설계및실험 화요일분반 조교 김민재입니다. 제가 이번 주 토요일이 11월 8일로 착각올 햇네요. 다음 주 토요일까지 제출 받을 예정입니다: 감사합니다.
SCHEDULE/IMG_2136.PNG,0,7:50 37 메모 2024년 1월 30일 오후 7:01 알바 13일 토요일 10시 ~ 7시 30분 (9시간 30분) 14일 일요일 10시 ~ 5시 30분 (7시간 30분) 15일 월요일 10시 ~ 7시 (9시간) 16일 화요일 10시 ~ 7시 (9시간) 17일 수요일 10시 ~ 7시 (9시간) 18일 목요일 10시 ~ 7시 (9시간) 19일 금요일 10시 ~ 7시 (9시간) 22일 월요일 10시 ~ 7시 (9시간) 23일 화요일 10시 ~ 7시 (9시간) 25일 목요일 10시 ~ 7시 (9시간) 26일 금요일 10시 ~ 6시 (8시간) 29일 월요일 10시 6시 (8시간) 30일 화요일 10시 ~ 7시 (9시간)
SCHEDULE/IMG_0696.PNG,0,[Q1:15] 답안 제출 횟수: 2 2026-03-09 14.40 까지는 귀즈트 이용할 수 없음 종료일시 : 2026-03-09 14:46 시간제한: 5 분 채점 방법: 최고 점수
SCHEDULE/IMG_9658.PNG,0,"5:00 김민재 감사합니다. 2025.12.06 (토요일) 안녕하세요 조교님 임베실 002분반 4조 정채운 입니다. 12/8 월요일 3시~4시반 사이에 기자재 수령 가능함까요? 2025.12.06(토요일) 법 월요일 3시에 it관 706호로 와주세요. 2025.12.07 (일요일) [2025년 2학기 임베디드시스템설계 및실험 (CB1501025-002)] 안녕하세요. 임베디드시스템설계]실험 조교 김민재입니다. 현재 전체 분반 대상 투표 결과 12/17 (수) 12/18(목) 양일 중 하루에 기말고사흘 칠 예정입니다: 마지막으로 확인차  양일 중 기말고사흘 칠 수 없는 정당한 사유(타 과목 시험, 팀 프로적트 발표)가 잇는 경우 제게 쫓지 남겨주시길 바람니다. 쪽지는 화요일 0시 전까지 보내주시길 바람니다. 감사합니다. 새로운 메시지 전승"
SCHEDULE/IMG_2582.PNG,0,"3:37 5G chrome:lldownloads INVITATION CANNES GINEPHILES 2025 Chae Yoon JEONG LR LICDRNE LE ARIru 1] LA COULEUVRE NOIRE VENDREDI 16 MAI 2025 A 16:30 ALEXANDRE IlI N'oubliez pas d'annulervotre billeten cas demnpechernent(1heureavant maximurn) Aucune entree ne se fera apresle debutdela seance, meme en possession d'un billet Toute sortie pendant la seance est definitive Tous les films non-francophones sont presentes en VO avecles sous_titres francais uniallement [nasde 34 FESTIURL CRNNE5 IINEPHILE5 #31 2025 13-라 HRI RLEHRHDRE ` 5TUDID"
SCHEDULE/IMG_0140.PNG,0,"8:36 우II 0 360) MEGABOX TIGKET 2025.03.17 진격의 거인 완결편 더 다스트 어택 2D MX4D 15세이상관람가 코,스 MEGA MXAD '입체기동장치' 관 상영일 상영시간 03.17 (월) 09.00 ~ 11:34 좌석 C9 성인1 MEET PLAY SHARE E 5 B"
SCHEDULE/IMG_9616.PNG,0,"9:43( < 임베디드시스템설계및실험 (CB1501025-002) 과목공지 임베디드시스템설계및실험 시험 날짜 조사 작성자 김민재 작성일 2025-12-03 21.30 조회수 : 12 안녕하세요, 임베디드시스템설계및실험 조교 김민재입니다. 본 교과목 시험 일정올 12월 13일(금) ~ 12월 19일(목) 오후 6시 중으로 계획하고자 합니다: (주말 제외) 해당 기간에 다른 시험과 시간이 접치는 사유가 잇는 학생은 반드시 쪽지로 알려주시기 바람니 다: 감사합니다: 이전글 [마감]DTPLAB 오른램 행사 참가자 모집: . PLATO"
SCHEDULE/IMG_7983.PNG,0,"1:46 1 승C 승차권 확인 = 승차권 () 정기권 패스 2023년 12월 24일 (일) 스마트티켓 1매 수원정차 +부가정보 서울 부산 18:52 22:13 KTX 127 차내시설 열차시각 타는곳번호 호차번호 좌석번호 운임영수증 C 15분전에 6호차 4D 표시I니다 KSRNIL 일반실 순방향 | 어른 승차권번호 82114-1128-10231-61 으 철도범죄신고 승하차 KTX공항버스 보호지 도우미 신청 안심SM 펼쳐보기 V 승차권 상세정보틀 로딩중입니다 2?  차 시 해당열차 승차권올 소지해야 하여, 사진이나 캠처한 화면은 유료한 승차권이 아님 KIX 승차권예매 할인 정기권 관광상품 승차권확인"
SCHEDULE/IMG_0055 (1).PNG,0,2:42 예약 상세 V = 여정 정보 상세 여정 정보 탑승객 상세정보 부가서앉스 예약번호 A3BPL8 총 1명 탑승객 상세정보 구간1 상태 확약 TW403 직향 스마트운임 ICN FRA 2025-03-27(목) 서울인천 T1 프랑크푸르트 T2 09:30 14h3Om 16.00 운임 및 수수료 규정 예매 확인증(E-ticket) 보기 예매확인증(E-ticket) 발송 온라인 체크인 진행 확인취소 wayplus + 탑승객 별 연락처 입력
SCHEDULE/IMG_9238.PNG,0,8.13 dbzfh uni-hannoverde Hochschulsport der Leibniz Universitat Hannover MobileTicket Teilnehmer*xin Chae yoon Jeong S-LUH 4170-45-233 Angebot LES MILLSQ FITCARD LES MILLS SHAPESQ FitCard gultig Do 17:00-18:00 09.01.2025 본 텍스트 역 평가 대주신 의견은 Google 번역올 개선하는 데 사용I니다. 10
SCHEDULE/IMG_8867.PNG,0,7:54 완료 SEAT GATE THAI 34K MUNICH INTERNATIONAL BANGKOK SUVARNABH MUC BKK FLIGHT DATE BOARDING CLASS TG925 25/08 13.45 PASSENGER ROP Chaeyoon Jeong STAR ALLIANCE ETKT 217287720819001
SCHEDULE/IMG_2580.PNG,0,"9:10 Booking Cancel Subject to the Jerms and Conditions You accepted during registration and as amended from time to time. Frankfurt(Main) Praha 22.07.2023, 11:19 19:35 Reservation request Frankfurt(Main)Hbf Dresden Hbf on 22.07.2023, ICE 1559, dep: 11:19 2 seat(s), Coach 28 Seat 14, 16 Dresden Hbf Praha hln. on 22.07.2023, EC 177, dep. 17:10 2 seat(s), compartment, seat position, zone Ms. Chaeyoon Jeong Ticket, 1. class 159,80 EUR 2 travellers aged 15-26 Frankfurt(Main) Praha 22.07.2023 11:19-19:35 Super Sparpreis Europa (Train-specific travel) Terms and conditions of offer Total 159,80 EUR incl. VAT now Sa, Any Any Any Sa, Buy"
SCHEDULE/IMG_2141.PNG,0,Algorithm Class Z_ Final Exam June 6.17 8:45-10:15 알고리증 기말고사 6월 17일 오전 8:45 10:15분 범위 Dynamic Programming (한번더 아주아주 중요하 기 때문에) Greedy Sorting and Searching
SCHEDULE/IMG_2140.PNG,0,4:58 Le Gentilhomme 예약이 확정되 엎습니다 받은편지함 6월 25일 (목) 오전 11:30 Le 25 Gentilhomme 양 2명 예약몽 31 이 날짜에는 일정이 없음 예약 보기 통화 이메일 기준 정확한가요? Google 예약 5월 29일 G 받분사람: 나 v 답장 전달
SCHEDULE/IMG_5161.PNG,0,1:09 ZUSAMMENSETZUNG Doppeltes Datenvolumen L 0 GB von 20 GB verbraucht Guiltig bis: 02.70.2024 15.04.05 Smart M 5G 0 GB von 20 GB verbraucht Guiltig bis: 29.70.2024 Gesamt 40 GB 0 GB von insgesamt 40 GB verbraucht
SCHEDULE/IMG_2133 (2).PNG,0,"11:22 87 queenssmile.cokr 물 내 주문내역 전체 주문완료 취소요청 취소완료 2026.06.27 주문완료 전체취소 NCT DREAMIOTHANNIVERSARY PARTY <THE SWEET DRE . 주문완료 22(토) 부산 (우등고속) 22 SAT [부산-동래역] 8/22(토) 왕복 0700 출발 공연 종료 분산 Busan 후 40분 뒤 출발 (예정) [편도 & 왕복 티켓] 89,000원 1개 QR코드 주문 상세 보기 더이상 데이터가 없습니다 급 QR Home Shop 0 My"
PLACE/IMG_2088.PNG,1,"[산 3.06 어김책시 다툼 0함흥시 북한 @평양직활시 남포특별시 백령도 울 울륭도 독도 동해 (서해) 전남광주 카페니타로 @히로시마 제주히 남해 @후구오카 마쓰야마 제주특별자치도 구문 0나가사키 T주 - @가고시마 카페히타로 카페 디저트 리뷰 1,004 영업 중 20:30에1 라스트오더 2.2km 부산 동래구 출발 도착 공유 전화 알림받기 @ca"
PLACE/IMG_2089.PNG,1,"3:06 5 @ 5 X The Prelude Shop 문구 팬시용품 리뷰 2,980 출발 도착 공유 전화 알림받기 The Prelude VUa Vnts TPS Te어D- 흙 소식 리뷰 사진 주변 정보 내 장소 에 저장팀 수정 대전 중구 중앙로129번길 30 1총 The Prelude Shop 지도 거리뷰 중앙로역 7번 출구에서 235m 영업 중 2O:00에 영업 종료 042-252-2955 복사 httpsllwwwinstagramcomlpreludestudio 정보 더보기 Shop"
PLACE/IMG_2084.PNG,1,8:25 III LTE Cn 그0- G고스 Pe9W 5ae* uUE 성사 고요Wuo 익으0 ooo8 9oood 사g [쾌션교 u 8oooE 8.ooor rel? dS 4eer 8e 00od 0oood 8ooo염 메뉴관 9oo01 90301 8ooo9 YN_ 비우 O3 EEEI oood 7oo08 oood 8coou 6c008 COoo년 oood 3구이 ?뇨 버UaO D문?  S곧D} Ea구o' E우구미 {0나이 uDE 즈57요8 오3 9기1 관어 요간의 차이가 인쇄 4 와ou0 이구0 Gol3o JU070 Je어U [ 야물 횟 {많이S 구야 메뉴민 저장하고 참고 하시길 1 재경사 대구 중구 v장로28길 38-5 재경사 2 압구정아이 서문시장 2지구 서나10호 3.마포상사 대구 중구 굳장로28길 10 제현하동 제1호 4. 경신상회 대구 중구 v장로28길 39 #서문시장말랑이 #서문시장 #재경사 #대구말랑이 #대구하플 21시간 전 sueeeeeeeo 21시간 작성자가 좋아하는 대글 대화에 참여하세요. GIF
PLACE/IMG_2090.PNG,1,3:06 5 X place+ 하마하마베이크하우스 베이커리 리뷰 466 식약처 지정 식품안심업소 출발 도착 Vg 배달준비중 공유 흙 소식 메뉴 리뷰 사진 주변 정보 민생에플러스0 고유가 피해지원금 고유가 피해지원금 사용 가능 매장 (신용 체크 카드) 고유가 피해지원금 사용 가멍점 정보는 행정안전부 (참여 신 용카드사)와 사업주 분들께서 제공한 정보로 실제 사용 가능 여부튼 매장에 확인해주세요 알림 3일 전 7월 휴무 영업시간 확인 부산대 맛집외 2곳에 저장독
PLACE/IMG_2091.PNG,1,"3:07 5 X 불루코스모스 카페 디저트 4.68 리뷰 2,342 화로에 구워먹는 달냄당고 AI 요약 출발 도착 공유 전화 알림받기 흙 소식 메뉴 리뷰 사진 주변 정보 민생에플러스0 고유가 피해지원금 고유가 피해지원금 사용 가능 매장 (신용 체크 카드) (i 고유가 피해지원금 사용 가망점 정보는 행정안전부 (참여 신 용카드사)와 사업주 분들께서 제공한 정보로 실제 사용 가능 여부분 매장에 확인해주세요 부산대 맛집 에 저장팀 수정 부산 수영구 광안로35번길 71 1층 지도 거리뷰 2 광안역 1번 출구에서 369m 여어 주 2200에1 여어 조근"
PLACE/IMG_2093.PNG,1,"3.08 5 X 서점숙소 게스트하우스 4.82 리뷰 1,560 편안한 분위기와 친절한 서비스로 헬림 Al 요약 0 출발 도착 예약 공유 문의 흙 소식 객실 리뷰 사진 주변 정보 불로그 2024.08.23. 릇 제주 북스테이 서점숙소 이용 안내 제주여행 에 저장댐 수정 제주 제주시 조천움 북촌14길 13-12 205동 지도 거리뷰 제주도 조천 함덕 북존리에 위치한 북스테이 게스 .. 전화번호 보기 0 httpllwwwinstagramcomljejubookhome"
PLACE/IMG_2087.PNG,1,"산 3:05 '김책시 가둥 '함흥시 북한 @평양직활시 남포특별시 백령도 울 울륭도 독도 동해 (서해) 전남광주 현대 모_스튜디오 마이클 어반팎 @히로시마 테이:: 제주히 @후구오카 마쓰야마 제주특별자치도 o나가사키 @가고시마 현대 모터스튜디오 마이클 어반 판 테이블 양식 리뷰 1,240 영업 중 20:30에 라스트오더 48km 부산 수영구 식약처 지정 식품안심업소 출발 도착 예약 공유 전화"
PLACE/IMG_2092.PNG,1,"해 3.08 제주 제주특 한라신 국립공순 고산의 낮 고산의 밤 서기포 마라도 고산의 낮 , 고산의 밤 Opay 북카페 리뷰 702 오늘 휴무 07/04 휴무 341km 제주 제주시 출발 도착 예약 N 주문 공유 품"
PLACE/IMG_2120.PNG,1,어가석 가이렌스시 3:57 724 10 새마을금고 뜰 한터그룹트 부산대 10 @ {I 110 코하루 @ P @ 키무엔라면 공영 111 BNK 부산은행 부산 101 부 2 임 터 부산대역점 메가박스 104 단스위티의원 분산대 저 헌터그룹트 부산대 카페 3.0 후기 9 > 불로그 252 44.1km 부산 금정구 부산대학로 29 네오스웨어 1총 10... V 영업 중 21.00 까지 출발 도착 MHALLOV HINTERGRUND YouR SPECIAL MORE sPECIAL i 월 물 률 철 MAKIO - oAY EVEH l
WISHLIST/IMG_5805.PNG,2,"pDIDD { 모으모'우 53 3 K빠때 l { # { "" LICOR 20*3LCva PRODUCT CoFFEE LIQUEUR M주TCH고 DELICIosO 7094.2 MEXICO O mklalln"
WISHLIST/IMG_7169.PNG,2,"10:26 뻔 ( 스타넉스 몰래식 밀크 티 보틀 New Starbucks Classic Milk Tea Bottle 진하게 우려번 불렉 티의 깊은 풍미와 우유의 조화로움올 담아번 몰래식 밀크 티틀 전용 보통과 함께, 언제 어디서나 , 더보기 9,900원 * 주문 즉시 메뉴 제조트 시작하므로 주문 완료 후어는 변경 / 취소할 수 없습니다 * 변심 또는 제조 공정상 발생 가능한 잔기스 등은 반품 / 교환 대상에 해당되지 않습니다. * 해당 보들은 밀페용기가 아니려, 직사광선올 피해 냉장보관하시고 구입 후 즉시 섭취하세요. * 한정 기간 동안만 할인된 금액으로 제공되니다: 9,900원 담기 주문하기"
WISHLIST/IMG_6908.PNG,2,"11:08 나 VuL LLBEIII 번개장터 Levi :보3 35,000원 폐이 진격의거인 리바이 디오라마 아크길 지역정보 없음 1일 전 78 4 0 결제혜택 우리카드 최대 5천원 할인 토스 생애 첫 결제 3천원 적립 > 펼치기 번개록 안전하게 결제하기 8 1o 3o009"
WISHLIST/IMG_1254.PNG,2,"2:13 국 승 O marpple.shop 과제싫은대학생 + = 전체 의류 패션잡화 흉데코리방 스티커지류 문귀오피스 상품 (1) 네? 네물음표 흉데코리딩 15,000"
WISHLIST/IMG_9793.PNG,2,"7:15 N IIl LTE my < 맘스터치 부산대점 흙 메뉴 리뷰 사진 지도 주변 정보 남스상금 의싸이준실박스 맘스양념박싸이순살(MAX)+테이준양념 감자(중) +치권무 24,400원 간장마늘 박싸이순살 간장마늘박싸이순살(R) 15,400원 간장마늘 박싸이순살맥스 간장마늘박싸이순살(MAX) +테이준양념 감자(중) +치권무 24,400원 한마리치권 에드위드 리 치권 한마리 진한 버번 소스의 맛과 풍미름 넘치게 즐길 수 짓는 치권 (땅콩토굉 제외 시 요청관 .. 24,000원 항치즈치권 한마리 N C"
WISHLIST/IMG_2200.PNG,2,"11:09 선물하기 ' X 흙 행령 시즌오프 HOT 주말특가 GiftX 선물담험 정채운님의 위시리스트 전체보기 도서문화상품권 20,00o원권(교환 권) 온라런 도NI; 히 20,000 20,000원 공개 또받고 싶은 선물 Snappy 맥세이프 카드지갑 50,000원 비밀 친구에게 선물 받아서 비공개로 바뀌없어요 [선물추천] 이미스 EMIS WHITE $ COMIN TITCH BALL CAP 11종 택1 SOON 49,000원 비밀 품절상품 대신 이런 선물은 어때요? = LuX 흙 카테고리 턱스 위시 선물함 G:Im"
WISHLIST/IMG_0749.PNG,2,"6:52 N 타켓노코노사토 0 전체 2만원이하 2만~4만원 4만원이상 610g 초대용량! mciil 해외 메이지 타켓노코노사토 일본 f버 }1J7+92 Cl0-@끓 ~J JJ니 다스스다 죽순 초코 과자 초 대용량 610... cSSEX 19,900원 562,900원 광고0 크로켓Croket pay 포인트 398원 해외 일본 메이지 초코송이 죽순 마을 타켓코노사토 10개입 29,840원 566,900원 광고0) 여기서부터 일본 pay 포인트 596원 5.0 짐 18 배#3 317J02 e25cu30eu8 해외 일본 메이지 초코송이 죽순 #o-o e 마을 타켓노코노사토&키노코... 즐l#o-@별 <5aJV-*7> 9,600원 6,900원 광고0) 여기서부터 일본 7 pay 포인트 192원 짐 3 해외 메이지 타켓노코노사토 초코 죽순초코과자 2,480원 563,000원 사초 목 (ooy N 252 Ue58 에3 3그2552 tllo-@별 <3330-547> CUIUM 57 34377 3) Tlto-o보 mcil <J,30 n7>"
WISHLIST/IMG_9814.PNG,2,"2:45 LTE 7:22 2/30 V j0 비망 'lll 6690' 수입 {별 목쪽 542-3321173373 0S3야55 23P8R든 직수입일서 류로 ""+ J7 2024소1창묶분 [ 부록 : 유 희왕카드 [#3료0tJ)L""+ ""7 ] 은혼 포스터+스티커 ] 바인딩 & 에디선 안내 편집부 #꽃 t 2023년 12월 04일 10.0 리뷰 2건 판매지수 39,837 6940원 6,940원 YES포인트 350원 (59 적립) + 마니아추가적립 ? 5만원이상 구매 시 2천원 추가적립 2 추가혜택 구문받기 3만원 캐시백 예스24 현대카드 카드에 넣기 바로구매 불로그 최강점프 2024년 1월호 (은혼 포스터요스티커 부록) m201독"
WISHLIST/IMG_7435.PNG,2,"10:36 II LTE 액세서리 AirPods올구입하면 Apple Musicol 6개월 무료 + 무료 각인 AirPods(2세대) #199,000 최대 12 개월 신용 카드 할부 N 0 C"
WISHLIST/IMG_2106.PNG,2,"3:49 SELECTED WVAUA sm요s 비슷한 상품 1 | 4 마평김 7% 적립받기 MATIN LOGO RINGER CROP TOP IN CREAM HATIHRh MTHR버 NAINKM 30% 5g0oo 구돈 받기 40,600원 구포할인가 0 적립 마일리지 최대 500M 적립 결제 혜택 카카오페이 X NH농현카드 최대 5천원 할인 토스폐이 X 현대카드 최대 3천원 할인 무이자 혜택보기 리뷰 구매하기 (0)"
WISHLIST/IMG_2099.PNG,2,"3:47 9J Al ts 7 1/ 14 L dansa 7Tauntslurn 탄산마그네술 0 단독 8만 상의 > 반소매 티서스 탄산마그네숨) 안녕자두야X탄산 꼬꼬 림거 티서츠 (아이보리) 브랜드위크 무신사에디선 무신사단독 4.9 호기 12개 I 3 3 구돈적용가0 710ee원 24% 53,960원 구중받기 53,700원 나의 할인가 0 푹 무신사 삼성카드 결제 시 23,700원 자세히 8,130원 최대 적립 0 LV3 때밀리 Money X Kbonk 지금 참여하고 괜덤 현금 받기 구매하기 1.7만"
WISHLIST/IMG_2107.PNG,2,"3:49 비슷한 상품 1 | 6 공구우런 2.8% 적립받기 [살안타템 썩머륙 ] 멘티트 린넷 시스루 긴팔 니트 88786 7% i6,000 구돈 부 14,880원 구중할인가 0 17% 13,280원 0) 예상 최저기 리뷰 구매하기 (0)"
WISHLIST/IMG_2105.PNG,2,"3:49 비슷한 상품 1| 6 STEADY SHOP 스테디 9.8% 적립받기 주말 직진배송 [여리켓유양지록] 바히 새티스커트 플라위 스커트 (3colors) 직진 4.7 리분 55 25% 37800 35,910원 구돈 받기 28,410원 구중할인가 0 중복구, 30% 26,440원 0 예상 최저기 적립 마일리지 최대 1,070M 적립 2배 적립 꾸이트 최대 5 OOQP 절런 리뷰 (이멘트 구매하기 (55)"
WISHLIST/IMG_2059.PNG,2,"10:54 로그인 회원가입 주문조회 마이페이지 고객센터 '  ""  ' KYUMA FIGURE SHOP itc itc itc [2024년 8월 발매/9~1 [2024년 8월 발매/9~1 [2024년 8월 발매/9~1 0월 입고예정]엔스카이 0월 입고예정]엔스카이 0월 입고예정]엔스카이 하이규 치미켜모 마스코 하이규 치미켜모 마스코 하이규 치미켜모 마스코 트 인형 호시우미 코라이 트 인형 보구토 코타로 일 트 인형 아카아시 테이지 일본 내수용 본 내수용 일본 내수용 27,000원 27,000원 27,000원 예외장품  예외장품 예외장품 270원 적립 270원 적립 270원 적립 JUT itc itc [2024년 8월 발매/9~1 [2024년 8월 발매/9~1 [2024년 8월 발매/9~1 0월 입고예정]엔스카이 0월 입고예정]엔스카이 0월 입고예정]엔스카이 하이규 치미켜모 마스코 하이규 치미켜모 마스코 하이규 치미켜모 마스코 트 인형 미야 아츠무 일본 트 인형 미야 오사무 일본 트 인형 키타 신스레 일본 내수용 내수용 내수용 27,000원 27,000원 27,000원 예외장품  예외장품 예외장품 270원 적립 270원 적립 270원 적립 1:1 카투문의 BTJVU 보안 안 팀 kyoumashop.com"
WISHLIST/IMG_6940.PNG,2,"8.49( 1 5 @ 똑물소로} %료기술다 @틈찾나심] '##t ANU3E #출이트시 ' '7시8/199 ;+32 7시) JLJs 가"" ""쓸이산#*"" *11,999 옷*{a+ 2 그X가 가균O틈t벼 ~L 느n #스국 #손 ^ t-L j솟 5난 {표 #101 ?시스-'"
WISHLIST/IMG_1394.PNG,2,"9:55 1:43 ' 다 아이스업 그레이 바닐라 티 라떼 Best Iced Earl Vanilla Tea Latte 2가지 티(불렉티, 얼 그레이 티)가 조화롭게 어우러지고 얼 그레이 품과 바닐라의 풍미가 은은하게 퍼저 깔끔하고 부드러운 티 라데 음료 6,100원 HOT ICED * 상기 이미지는 연출된 사진으로 실제 제공되논 제품과 상이할 수 있습니다. 제품 영양 정보 주문하기 Grey"
WISHLIST/IMG_2104.PNG,2,"3:49 5 @ SELECTED 비슷한 상품 > 마평김 7% 적립받기 브랜드위크 HALF SHIRRING RIBBON ROUND BAG IN BLACK 4.9 리분 275 30% 138,000 구돈 부 96,600원0 리뷰 구매하기 (275)"
WISHLIST/IMG_9535.PNG,2,"10:33 수 ( 완료 notion so 0 다마고치 판업스토어 거의 다 뒷습니다. 지금 가입해서 Notion으로 구축 X 올 시작하세요 가입 또는 로그인하기 구매 제한 : 1인 1개 Q = 판매중 1 TaMlasolcfli 다마고치 파라다이스 제이드 포레스트 64,800원 신상품 구매수량 제한상품 1인 1개 판매중 품절 1 caMacolcni 7052"
WISHLIST/IMG_2100.PNG,2,"3:47 N 5 C ) uideo 낫이방 비디오자키 0 단독 10만 상의 > 반소매 티서스 (비디오자키) 고양이 모이다 림거 티서스 [크림] 무신사단독 4.8 호기 463개 AI Al 요약 보기 푸적 화이트 크림 레드 44000원 25% 33,000원 구중받기 29,420원 나의 할인가 0 름 무신사 삼성카드 결제 시 30,000원 할인 자세히 5,582원 최대 적립 0 LV.3 패밀리 Money Kbank 지금 참여하고 괜덤 현금 받기 패밀리 등급 1% 장바구니 구돈 3장_ 까지 2개 이상 227명이 보고 있어요 구매하기 3.2만"
WISHLIST/IMG_7864.PNG,2,"2:53 'll C N 다마고치 캐릭터 0 빠른배송 도착보장 내 배송지 기준 탈국록 매 다마고치 키림 가차 미니어처 참 #Yra? @933530949LnEg20 4단 반다이 피규어 SDo 구프 할인가 7500원 Nam 697,000원 3,500원 TamooaickiUn-tons 오늘출발 12:00까지 주문 시 777 --4 기W --가 UAMuAlNAACC IOISZu- 용글구름가게 pay 짐 58 다마고치 기본 마스코트홀더 인 형 키팅 쿠치파치 구치파치 오. 구돈 할인가 21500원 20,660원 3,000원 오늘출발 13:30까지 주문 시 다비추 pay 4.77(13) 짐 259 예약로매 [NO301-7] 반다이 다마 고치 마메치 마스코트 인형 키 . 18,900원 3,000원 훈055 예약 마감 18일 남음 8 6 키친물 pay 5.0(7) 짐 417 다마고치 모후모후 포카 포토카 다j{63 tst5z하#-rs_ 드 홀더 마메치 미미치 구치파 .. 구데 할인가 15500원 N C"
WISHLIST/IMG_2101.PNG,2,"3:48 U 상의 > 반소매 티서스 (유우프) 포니 프린팅 티 아이보리 4.8 후기 스개 AI Al 요약 보기 49,000원 30% 34,300원 구중받기 30,870원 나의 할인가 춤 무신사 삼성카드 결제 시 30,000원 할인 자세히 5,737원 최대 적립 0 LV.3 패밀리 Money X Kbonk 지금 참여하고 괜덤 현금 받기 7월 패밀리 등급 1% 장바구니 구촌 3장 더보기 07.31까지 2개 이상 구매 시 1% 추가 할인 구매하기 택 1l TIInl 1 X-, [ A4nLo1 nli 거T  r+J이 {이 구매하기 211"
WISHLIST/IMG_2103.PNG,2,"3:48 SELECTED Kin Emt 비슷한 상품 마평김 7% 적립받기 UNBALANCE TYPO LOGO CROP TOP IN WHITE 44% 58,000 46,400원 구돈 밭 32,480원 구중할인가 0 리뷰 구매하기 (0) Matin"
WISHLIST/IMG_2102.PNG,2,"3:48 5 @ < 자체제작관 비슷한 상품 1 | 8 착한구두 > 9.8% 적립받기 주말 직진배송 [후기입증] 장마철 레인부츠 2가지길이 장화 장마템 장마 장 마륙 데일리록 통례인부츠 미들부스 미들레인부스 레인부스 .. 4.8 리분 2,465 13% 42900 구돈 받기 37,320원~ 쿠프할인가 0 자체제작 19% 34,700원 0 예상 최저가 적립 마일리지 최대 1,250M 적립 2배 적립 결제 혜택 카카오페이 X NH농현카드 최대 5천원 할인 리뷰 구매하기 (2,465)"
WISHLIST/IMG_9533.PNG,2,"6:16 완료 notion so 0 다마고치 쁘따인형 구치파치 다마고치 쁘따인형 구치파치 카테고리 비어 있음 가격 12,700원 상태 판매중 @BANDAI **4선0 힘:(소픔} 순류내 T 코트  #]   `# 9 조-스한*U*화 ."
WISHLIST/IMG_8740.PNG,2,"8:22 ( 'IIl LTE VEGAN BEAUTY eve VEGAN GLOWPICK VOLUME IVoLUME VSLUB WVOLUVE VOLUME IVOLUIE 쉬운 애교살 완성 만족도 96.2 % n문다 4바령 8다픽거 태 ' 소 탑 ( 통 통 중 통 출 통 SHADE SHADE SHDE SHAOe SHADE SHADE 3 | 3 키스미 > [NEW 컬러 출시] 키스미 히로인메이크 언터 아이 뉴얼 팬술 라이너 12,000원 209 9,600원~ 0 오늘드림 오늘드림으로 받아 보시켓어요? 장바구니 바로구매 선물 YOUNG OLIVE St3TCMBt# 2023"
WISHLIST/IMG_2052.PNG,2,"11:24 1 승 (5 2 아우터 > 경량 패팅때당 베스트 > 경량 패당 (무신사 스랜다드) [시티 레저] 후디드 라이트 다운 재짓 [피스타치오] 무신사단독 4.9 호기 658개 AI Al 요약 보기 품절 품절 올라우디 불루 데저트 브라운 스모크 핑크 피스타치오 문 불루 카키 브라운 내일 22시까지 결제 시 07.09(목) 도착보장 109,900원 구중받기 99,460원 나의 할인가 0 무신사 삼성카드 결제 시 74,460원 자세히 13,696원 최대 적립 0 LV.4 브론즈 Money Kbonk 지금 참여하고 괜덤 현금 받기 7월 브론즈 등급 1% 장바구니 구촌 3장 더보기 07.31까지 2개 이상 구매 시 1% 추가 할인 구매하기 구매하기 5.6천"
"WISHLIST/스크린샷, 2026-02-17 오전 2.06.20_Original.JPG",2,"ROIonC 2.06 2 57 시로 바로입기 V리 99% 가격깎기 표렌드 6,832 에누리 중복구하 [주문록주. "" :*:  | Unisex] 느일 스트라이프 서스 (3c) % 구굵적용가 45,000안 43,200원 199 36,300원 최대 864원 받기 무료배송 터6 구매하기 6.3천 선물하기"
WISHLIST/IMG_9460.PNG,2,"11:22 bnkrmallcokr 주문결제 진중리 j구, )-시 흥버근 / |--노 부 )~1U 근 j고리 시 근비 소요되니다. 주문 상품 정보 (1) 다마고치 파라다이스 [12월 재입고 예정] 다마고치 파라다이스 제이드 포레스트 64,800원 품절 상품금액 64,800원 배송비 +0원 구돈 사용 원 포인트 사용 3,000원 총 결제 금액 61,800원 주문 상품 정보에 동의 (필수) 상품명, 가격; 배송정보, 할인 내역올 확인함 = 흙 마이페이지 메뉴 주문 배송 최근 N C"
WISHLIST/IMG_8232.PNG,2,"10:46 lushcom 메o S1DV r37T DAD's EAPDEN LEMONTPEE BODY SPRAY Zitrone Limette und Bergamotte 4.3 (105) SUCHE DIR EINE GRoSSE AUS 2oOml 7 25,00 & 125,00 듣/기 Zum Warenkorb hinzufuigen 25, Entdecke"
WISHLIST/IMG_7312.PNG,2,"4:20( LTE 오늘부터 개발자 온라인중고 알라민곳즈 중고매장 커피 음반 불루레이 () (0) (0) (0) (0) '오늘부터 개발자' 검색 결과 총 1건 분야 선택 정확도순 O# 0트 매장별 보기 오늘부터 [중고]오늘부터 개발자 비전공자루 위한 개발자 취 9> 000 개발자 T서이V 업입문 개론 비전공름 유반 김병육 천그루숲 2021년 71월 가발자 취업 입문 개론 최저가 : 8,600원 재고 : 1부 ""개발자 튀업움 위혜 알아야 하느 모든 켓"" Ti기i EI A 나뇨면럽 130_3중[위에서부터 2번째칸] 미리보기 검색결과에 만족하시나요? 로그인 전체 메뉴 회사 소개 출판사 안내 PC 버전 (주)알라민커유니켜이선 일반문의 (발신자 부담) 1544-2514 N Cy"
WISHLIST/IMG_0774_Original.PNG,2,"8:49 '46 N 잇혼045 = N 스로어 알림 받고 혜택 받아보세요 알림받기 > 오늘 114명 구매 1/2 옛롭045 상하이 버터떡 완제품 28g 20개입 루씨히 단체 간식 구움과자 [원산지:상세설명에 표시] 4.93 (최근 6개월 4.910) 517건 리분 22,900원 3,500원 (50,000원 이상 무료배송) 전림 최대 전리 포이트 3 69요위 선물하기 구매하기"
WISHLIST/IMG_2108.PNG,2,"3:50 PEP 5 'CDrsPR7I 비슷한 상품 슈체 언 주말 직진배송 반티지 프린팅 오버핏 반팔 티서스 4.7 리분 76 61% soooo 21,660원 구돈 받기 19,490원~ 쿠프할인가 0 리뷰 (이멘트 구매하기 (76) '("
WISHLIST/IMG_1417.PNG,2,"Tamagotchi Mimitchi   #483,O0OKPW Medley Pattern Case iPhone 16 Impact Case MagSafe Compatible Impact Case MagSafe Compatible Black X1"
WISHLIST/IMG_2122.PNG,2,"3:58 72 짐 상품 마켓 코디 담은순 전체 상의 흉데코 취매여행 오늘출발 오늘출발 도착보장 10% 21,510 16% 28,280 39% 26,300 구품적용가 구품적용가 구품적용가 레핏 해피데이 더욱크 후기극찬*[3000장돌 [BEST 시어서커 H 불림/합답커버니라  . 썩머 불프 썩머 불프 최저가 도전 SOPHIF CARDIGAN AUTUMN PRODUCT 109 22,500 15% 30,600 9% 16,280 4 구품적용가 '2 구u적용가 7 구품적용가 어렵 어렵 터틀엔 [made]소피가디건 위크커브드팬스 [turtle N] 버섯 스 썩머 불프 최저가 도전 썩머 불프 흙 카테고리 오늘출발 오늘뒤하지 짐 마이페이지 5ary"
WISHLIST/IMG_1416.PNG,2,"Tamagotchi Silicon #45,OOOKRW Face Plush Earbuds Pouch Kuchipatchi Pouch Collectible Earbuds Pouch Collectible Earbuds Pouch Kuchipatchi X1 이 제품은 무조건 반품 또는 교환 정책 , 그리고 제품 보증이 적용되지 않습니다."
WISHLIST/IMG_1538.PNG,2,"2:23 mercari 회원가입 로그인 한국어 NnArsTo 7 ; paradoxlive /[=7{ 쇼롭쓸 {탤플똑노 묘 콤PE 5T< 7ax #4,777 (세금 포함) 배송비 포함 KRW 44,181 업데이트템 5월 26일 02.10 UTC See more items! [ Thanks to our partnership with Buyee, we to over 100 countries worldwidel For international purchases, your transaction will be with Buyee. 육 -P존츠< 뭐 SPIRITS 소가 최csE고 1 ""고jBRNDAI 가5 #수  KJIX5w [저요""v] :Pyron 버E 486B3<1Ec내 묘문 K ship"
WISHLIST/IMG_9574.PNG,2,"다이소 로로물광정식 SNS 햇빛 100 [aI 업구 Extra 6iiro 요 CURESONA { ' 3,000원 BEST 메디필 액스트라 슈퍼 9 플러스 물광 리프팅 괜핑 마 . 3,000원 5,000원 최근 구매 6위 BEST VT 리돌사 100 폐이설 부스딩 퍼스트 업 BEST 달터오리근 규어소나 래디언스 글로우 엄 2ml""6가입 40 ml 4,8점 (2,638) 99.9+만 밟어요 품번: 1049275 품번 : 1051749 품번 1053499 roro @rorobeauty_O 4일 35 t? 1.3만 2.7만 IIil 501만 쇼 답글 게시하기 부스템 (Super오 100 CURESONA"
WISHLIST/IMG_0750.PNG,2,"6:53 N 켓켓 녹차 0 @외 네슬레 일본 초홀핏 켓컷 미 니 키컷 진한 말차 녹차 10개입 Ktap 4,980원 564,800원 차 + 0 V 리 광고0) 라멘론스터 벼 : pay 포인트 98원 4.9 981 짐 486 구매 180+ 네슬레 kitkat 켓컷 녹차 17g 35 75579 개입 13,250원 5353,900원 '녹차 광고0 익스프레스999 pay 포인트 264원 4.9 49 짐 117 켓켓 녹차 말차 17g X 35개입 (5 x35인 60) 95g) 녹차조홀렉 13,000원 563,900원 짓객 녹차 오늘출발 그그나"" 청년상사 스토어 pay 구매 410 리뷰 118 짐 231 켓켓 녹차 595g 35개입 키켓 녹 vat) 차맛 초홀핏 12,930원 533,900원 치즈베이글마켓 'pay 녹차 S무J하E:"" 리뷰 71 : 짐 40 N C"
WISHLIST/IMG_3338.PNG,2,"11:28 C4 X 빼로 [독K포 L 말치 37 9igo C % S smartstore naver. 네이버플러스 스토어 2주 전 로데 청수당 콜라보 빼빼로 말차 37g 시즌한정 신상 과자 : 트렌디유통 1,970원 5(7) : 짐 3 N 구매하러 가기 짐하기 에 검색어 추가하기 N 0 C MoTT 'PEPEnO MATCHA atul kcall 드 어체계주신)1 2"
WISHLIST/IMG_0143.PNG,2,"4:42 ~ C N 아이조 AIZO = 쥐 8  또 별 보+ 5 변 아이조 AIZO 관심고객수 1,300 규알림받기 일본 센베이 새우 에비 센베이 안주 일본 치바 기념 품 [원산지:일본] 0.0 0건 리뷰 29,500원 구매하기 N 0 C"
WISHLIST/IMG_6907.PNG,2,"11:06 L '번개정 X (71,7y (Bi1kay CXv G리터 25,000원 폐이 [미개봉] 진격의거인 리바이생일 디오라마 양도 지역정보 없음 1일 전 234 14 0 결제혜택 우리카드 최대 5천원 할인 토스 생애 첫 결제 3천원 적립 > 펼치기 번개록 안전하게 결제하기"
WISHLIST/IMG_6906.PNG,2,"11:06 L 번기장터 4 n X 7 4 7 12 5   T I 5 뇨 뇨 : 뇨 : 쇼 쇼 IrMAkrruie 값 # 통 습 4 dsomleoeom lumtoto 32,000원 폐이 리바이 전시회 아크길 디오라마 판매 지역정보 없음 17시간 전 268 13 0 결제혜택 우리카드 최대 5천원 할인 토스 생애 첫 결제 3천원 적립 > 펼치기 번개록 안전하게 결제하기"
WISHLIST/IMG_5348.PNG,2,"1:16 New SKOGSDUVA Soft toy hedgehoglbeige, 21 cm 5.99 Product information Add to =Q bag"
WISHLIST/IMG_7367.PNG,2,"4:19 storesteampoweredcom 한국어 영어 언어변경 Steam 설치 로그인 언어 STEAM 상점 커유니티 정보 지원 내 상점 신규 및 특집 카테고리 포인트 상점 뉴스 실험실 검색하기 모든 게임 RPG 게임 ATLUS 프랜차이즈 > 폐르소나3 리로드 폐르소나3 리로드 커유니티 허브 FElesOmrO 간피 h '폐르소나3가 새롭게 단장하여 현행 최신 하드웨어에서 다시 태어난다! ' 매우 긍정적 (706) ' 매우 긍정적 (20,807) ' 2024년 2월 2일 16 ' ATLUS NWArsalMult ' SEGA Geben wir es ihnen! 이저금의 인기 태그 JRPG RPG 아니메이선 파티 기반 RPG 어드변처 로그인하서서 게임올 짐 목록에 추가하거나, 팔로우하거나 또는 제외하기로 표시하세요 ATLUS 프랜차이즈 게임올 모두 확인하세요 UsK Belastende Themen Fantasy- Gewalt Sexuelle Andeutungen 16 폐르소나3 리로드 구매 연령 동급: USK 69,996 장바구니에 추가 이 게임에 관심이 있나요? 폐르소나3 리로드 디지털 디력스 에디선 구매 Steam에l 로그인하여 보유한 게임 친구 그리고 팔 로우하는 규테이터름 고려해 저희가 선정한 게임들 79,996 장바구니에 추가 '확인해 보세요 폐르소나3 리로드 디지털 프리미엄 에디선 구매 로그인 99,996 장바구니에 추가 싱글 플레이어 Steam 도전 과제 (8) 진체 검색 이 게임의 손렌츠 Steam 트레이당 카드 Steam Cloud 추진 제품 34,99c 폐르소다3 리로드: 이스민선 패스 가족 공유 LMD 칸드록리 안벽 지원 m르소다3 리로드: 폐르소나4 더 골튼 아소기미 고등학교 의상 세트 2,99c 패르소다3 리로드: 떼르소나5 더 로엌 수진 고등학교 의상 세트 2,99c Xbox 건드록리 폐르소다3 리로드: 폐르소나5 더 로열 괴도단 의상 세트 2,99c PlayStation 건드록리 패르스다3 리로드: 떼르소다5 더 로엌 패르소다 세트 1 5,99c 6 Steam Input API 다시하무3 모두 보기 ? 타사 DRM: Denuvo 폐르소나3 리로드 DLC 팩 구매 타사 EULA 동의 필수 Persona 3 Reload EULA 개 항목 포함: 폐르소나3 리로드: 폐르소나4 더 골튼 야소가미 고등학교 의상 세트 , 폐르소나3 리로드: 폐르소나4 더 골 . 펼치기 인어: 인터데이스 음성 지원 자막 N C"
WISHLIST/IMG_6939.PNG,2,"8:47 ( 승 @ )  4 번개 상터 170,000원 폐이 진격의 거인 리바이 천지전 디오라마 미개봉 지역정보 없음 9일 전 136 7 결제혜택 우리카드 최대 5천원 할인 토스 생애 첫 결제 3천원 적립 > 펼치기 번개록 안전하게 결제하기"
WISHLIST/IMG_9834.PNG,2,"8:57 LTE 1 Q 오 ' 1/2 R '몸 1소 고n; "" p 4 4naA|a 비슷한 상품 '고ynrPh 1,004원 은혼 아마자키 단팔빵 양광 머그럽 유리컵 지역정보 없음 4일 전 328 23 결제혜택 네이버폐이 결제 시 번개포인트 최대 0.5% 적립 > 우리카드 최대 5천원 할인 펼치기 번개록 안전하게 결제하기 1h3 [7"
MEMO/kakaopage_20250702054233.jpg,3,내 친구는 언제나 내 바람의 반대로 움직인다. 그렇게 반대로 움직여서는 끝내 내가 바라는 것 올 이뤄번다. 마법명가 차남으로 살아남논 법 자연주의 마법명가 차남으로 살아남논 법 (355) 중 KAKAOPAGE
MEMO/kakaopage_20250708093045.jpg,3,한 사람의 속력도 방향도 모두 나로 인해 바꾸 어진 것' 보고도 내계는 그 젊은이의 빛 보기 틀 거부할 방법이 없없다. 마법명가 차남으로 살아남논 법 자연주의 마법명가 차남으로 살아남논 법 (537) 중 KAKAOPAGE
MEMO/IMG_2165.JPG,3,책 정보 리뷰 메모 최신 저장일순 작성하기 2025.12.02 '시대'가 삶의 범위름 남작하게 누르다: 2025.71.26 비둘기는 독수리보다 약하지만 독수리논 하지 못한 걸 해내어. 그복잡한 도시에서 살아남기 내가 죽길 바라는 인간들 속에 서도 죽지 암고 버티기. 2025.71.25 그러니 서로트 구하고자 하느 마음이 절망으로 이어질 확출이 얼마나 돼? 사랑이 파멸이 되고 간절함이 재양이 돌확출이
MEMO/IMG_2171.JPG,3,"책 정보 리뷰 메모 최신 저장일순 작성하기 2026.02.70 웃기지? 내내 숨 쉬고 있,올 렌데 유독 그 순간에 숨음 느끼 논게"
MEMO/kakaopage_20250627090845.jpg,3,"후카스의 코어름 다출 권리는 내가 정당히 얻은 권리엿다. 루카스가 내 코어름 쥐락펴락하는 것즘이야 많이 양보해 상관없다 처도, 내계서 통제할 능력이 사라진 건 학교로부터 자유 의지 틀 빼앗긴 느낌이라 짜증이 나서 뱃속이 뒤릎럿 다 마법명가 차남으로 살아남논 법 자연주의 마법명가 차남으로 살아남논 법 (200) 중 KAKAOPAGE"
MEMO/kakaopage_20250706223047.jpg,3,"""레오오오:"" 왕세자궁으로 들어온 엘리아스는 허락도 없이 문을 열고 들어와 레오의 배름 베개 삼아 누원 다. 공중에 책올 띄위 읽년 레오가 무심히 타박 햇다. ""왜 그래 "" 마법명가 차남으로 살아남논 법 자연주의 마법명가 차남으로 살아남논 법 (498) 중 KAKAOPAGE"
MEMO/IMG_5742.PNG,3,'우리 왕자님 기마술올 글로 배우섞어! 여전히 갈리안이 기사 소설올 빛다고 믿는 안이없다 그러니 그냥 아무 생각이 없다고 해야 맞울 젓이다 적국의 왕자로 사는 법 4화 자서현 RIDI
MEMO/kakaopage_20250629031845.jpg,3,"'루카스 "" 레오가 문금없이 이름올 불컷다. 계속 말하라는 뜻으로 고개록 까딱이자 그가 딱히 특별하지도 않은 말을 진지하게 햇다. 6 '개막식이 끝나면 바이에m에 가자 "" 마법명가 차남으로 살아남논 법 자연주의 마법명가 차남으로 살아남는 법 (240) 중 KAKAOPAGE"
MEMO/IMG_1040.PNG,3,"12:52 냉 5G 63 applyform.qrcloakiconia.co.jp QRJu-2 4-b""x 이메일 주소 daeun6si6@navercom 예정문 퍽업 2026/06/23 15.00 수하물 개수 2 QR코드트 직원에게 보여주세요. 맡기신 짐을 찾으시기 전 까지 이 화면올 보존 해 주시 기바람니다. 짐을 받앗습니다"
MEMO/kakaopage_20250702002129.jpg,3,나의 바깥에서 살아 숨쉬는 레오는 내 일차원적 공상과 달리 훨씬 깊이 나름 이해햇고 그렇기 에 그럴 수 있음에도 불구하고 나름 책망하고자 하는 감정올 여과 없이 쏟아내지 않앞으며 또 그렇기에 훨씬 미친짓올 해서 돌아앉다. 마법명가 차남으로 살아남논 법 자연주의 마법명가 차남으로 살아남는 법 (336) 중 KAKAOPAGE
MEMO/kakaopage_20250710023309.jpg,3,"'팬달론 때 아카데미 프위산스 사람들올 마주한 적 있습니다. 생각보다 예의가 없더군요 "" 당신만 하켓습니까 "" '뛰야? ! "" 마법명가 차남으로 살아남논 법 자연주의 마법명가 차남으로 살아남논 법 (552) 중 KAKAOPAGE"
MEMO/kakaopage_20250708043853.jpg,3,"""저논 파트너로 단 한 사람올 골라야 한다면, 저 하름 고흘 겁니다 "" 처음에 그쨌듯이, 지금도. 내 이야기의 시작에 내럿년 선택은 지금까지 변하지 않앉다. 앞으로 도 변하지 않울 것이다. 마법명가 차남으로 살아남논 법 자연주의 마법명가 차남으로 살아남는 법 (520) 중 KAKAOPAGE"
MEMO/kakaopage_20250705065114.jpg,3,'사실인 것올 아니도록 포장할 수는 없지. 거짓 에서 나오는 안식과 위용이 얼마나 온전활까? 역사는 신의 뜻에 도전하는 자들의 치행과 현행 의 교차로 이루어진 글로토의 직물이야 그결 부정할 수는 없어 마법명가 차남으로 살아남논 법 자연주의 마법명가 차남으로 살아남는 법 (465) 중 KAKAOPAGE
MEMO/kakaopage_20250625015158.jpg,3,"'네가 들어가도 똑같아. 너라고 뭐 생각 없이 살 것처럼 생기진 않앉다고. . 누구면 또 모르켓 지만 "" 영광이네~"" 마법명가 차남으로 살아남논 법 자연주의 마법명가 차남으로 살아남논 법 (174) 중 KAKAOPAGE"
MEMO/kakaopage_20250711062257.jpg,3,"너 맛도 가려?"" ""아니; 그:  "" 그래, 뭐; 네 미각이라면 그럴지도 모르적다. 이겉 개선활 수도 없고 어떡하지?"" 6( '장난하나. 아니라니까. 사람 말 좀 들어- 마법명가 차남으로 살아남논 법 자연주의 마법명가 차남으로 살아남는 법 (580) 중 KAKAOPAGE"
MEMO/kakaopage_20250714190743.jpg,3,"그럼, 간만에 숙게임이나 할까 후카스. 마법명가 차남으로 살아남논 법 자연주의 마법명가 차남으로 살아남는 법 (585) 중 KAKAOPAGE"
MEMO/kakaopage_20250704021735.jpg,3,선배넘이 코트 칼라틀 뒤집어 입을 사람이 아 날 기데? 그리고 선배넘이 신체 접촉올 허가할 사람입니까? 아무리 코트라고 해도 남 입장에 서논 선배님 옷에 손흘 올리려면 엄청난 용기가 거기까지 말하다 나는 이놈이 손 잡히논 것도 꺼려질 만큼 더러운 새끼틀 잘도 부축하고 있음 올 깨닫고 내심 감명받앉다 마법명가 차남으로 살아남논 법 자연주의 마법명가 차남으로 살아남는 법 (428) 중 KAKAOPAGE
MEMO/kakaopage_20250711055202.jpg,3,"""하나 쥐?"" 나는 고개록 저없다 . 긴장이 손끝부터 머리까지 온몸의 신경올 곤두서게 햇다. 나는 그가 불을 꺼내는 모습올 지켜보고 있다가 레오나르드가 입에 권련올 무슨 순간 어깨률 움질거숨다. 마법명가 차남으로 살아남논 법 자연주의 마법명가 차남으로 살아남는 법 (579) 중 KAKAOPAGE"
MEMO/IMG_2170.JPG,3,책 정보 리뷰 메모 최신 저장일순 작성하기 2026.02.70 힘든 것올 이겨내게 만드는 것도 희망이장아
MEMO/kakaopage_20250702002909.jpg,3,"'나는 그 어떤 시간이라도 괜찮으니 네 모든 시 간과 함께하고 싶어. 그 특권올 내가 가지면 안 되는 결까?"" 마법명가 차남으로 살아남논 법 자연주의 마법명가 차남으로 살아남논 법 (336) 중 KAKAOPAGE"
MEMO/kakaopage_20250630072229.jpg,3,"'루카스 끈 안할트는 성 후베로투스 기사단의 일원이 되어 바이에른 왕국과 비텔스바흐의 군 주에계 충성활 것올 망세활 수 있습니까?"" 마법명가 차남으로 살아남논 법 자연주의 마법명가 차남으로 살아남논 법 (265) 중 KAKAOPAGE"
MEMO/kakaopage_20250619080313.jpg,3,"아니 더 해 화. 더 씨 보라고 "" '미친놈 ` '응? 얼마듣지 맞아 줄 테니까. 아니  아니지. 부탁할게. 내가 본 게 현실이관 걸 못 믿계어 그러니까 한 번만 더 해 쥐. 딱 한 번만 더 맞으 면 이게 현실이라는 겉 납득할 수 있올 것 같: . 마법명가 차남으로 살아남논 법 자연주의 마법명가 차남으로 살아남논 법 (7) 중 KAKAOPAGE"
MEMO/kakaopage_20250708082639.jpg,3,66 '나는 운명이 네게 저지르는 불의틀 외면할 수 없어 마법명가 차남으로 살아남논 법 자연주의 마법명가 차남으로 살아남는 법 (530) 중 KAKAOPAGE
MEMO/IMG_2172.JPG,3,책 정보 리뷰 메모 최신 저장일순 작성하기 2025.70.12 나의 것이 되어달라고 요구하는 사랑이지 너의 것이 되고 싶 다고말하는 사랑이 아니다! 그것은 자기본위의 의록이 뒤석 인 사랑이다! 2025.70.12 사랑은 생명과 더불어 이미 우리에게 속해임는 것이기 때문이 다 실로 사랑은 우리 현존의 가장 심오한 바탕이라고들 말한 다 2025.70.05 어찌하여 이같은 무의식과 지순(포#)의 현존이 종식올 고할 밖에 없는가?
MEMO/IMG_2166.JPG,3,책 정보 리뷰 메모 최신 저장일순 작성하기 2025.12.09 죽는 게 뭐 이상해. 자살이라고 달라? 남울 위해 죽을 수 있다 면 자기 위해 죽을 수도 있지. 자기름 구원하는 방법이 죽음 뿐인 사람도 있지. 2025.12.09 현시대는 너무 크고 주상적이고 괴물의 입 끝고 때로는 허상 같아서 뭐라 대답해야 할지 모르것다: 어쨌든 내계는 힘이 세 다 소설은 나름 삶 쪽으로 끌어당긴다:
MEMO/kakaopage_20250707012322.jpg,3,이력 때 우리한테는 얘가 꼭 있어야 하거튼: 어 제처럼 말이야 ` 마법명가 차남으로 살아남논 법 자연주의 마법명가 차남으로 살아남논 법 (498) 중 KAKAOPAGE
MEMO/kakaopage_20250709045517.jpg,3,오늘 네가 입은 옷 계속 입어. 년 하늘색 잘 어 울려 마법명가 차남으로 살아남논 법 자연주의 마법명가 차남으로 살아남는 법 (546) 중 KAKAOPAGE
MEMO/kakaopage_20250628094731.jpg,3,갑자기 하이켜의 눈에 빛이 돌기 시작해다. 정말 친한 친구의 증표로 여기논 모양이다. '마법 이름이 예속이라고는 절대 말 못 한다 ` 마법명가 차남으로 살아남논 법 자연주의 마법명가 차남으로 살아남논 법 (214) 중 KAKAOPAGE
MEMO/kakaopage_20250704075548.jpg,3,"원래 이런 치출한 외적 공격은 내게 전혀 통하 지 않앞논데, 그건 내 원래 신체에 한한 일이없 다는 걸 오늘 이 순간에 알앉다 . 어느 정도 짐작 은 햇지만 역시 루카의 신체는 내 원래 신체보 다 조금 더 전투 마법에 적합한 신체엿다. 마법명가 차남으로 살아남논 법 자연주의 마법명가 차남으로 살아남는 법 (453) 중 KAKAOPAGE"
MEMO/IMG_5741.PNG,3,'이 얼굴 프레이야가 남긴 매우 훌륭한 유산 이 아난가? 적국의 왕자로 사는 법 4화 자서현 RIDI
MEMO/kakaopage_20250710024129.jpg,3,"아이고 그러시군요 미안합니다 "" 내 말투에서 반정거림올 정확히 느껴 준 메클렌 부르크가 얼굴올 붉히다 인상을 쟁그렇다. 마법명가 차남으로 살아남논 법 자연주의 마법명가 차남으로 살아남는 법 (553) 중 KAKAOPAGE"
MEMO/kakaopage_20250711055823.jpg,3,99 '글쎄 네 앞에서만큼 제정신 아뇨 적은 없지 ' 마법명가 차남으로 살아남논 법 자연주의 마법명가 차남으로 살아남는 법 (579) 중 KAKAOPAGE
MEMO/kakaopage_20250706051052.jpg,3,그 무엇도 인간으로 남울 수 있음올 알아야지. [믿음은 바라는 것들의 실상이요 보이지 안는 것들의 증거니 ] 나는- 마법명가 차남으로 살아남논 법 자연주의 마법명가 차남으로 살아남논 법 (482) 중 KAKAOPAGE
MEMO/kakaopage_20250701040853.jpg,3,"'마법이: 레오나르드가 이제야 딴청 피우듯 시선올 이리 저리 돌리더니 다른 곳을 보미 기어 들어가는 목소리로 대답있다 . 9) ""빛이 예버서 좋아요 마법명가 차남으로 살아남논 법 자연주의 마법명가 차남으로 살아남는 법 (290) 중 KAKAOPAGE"
MEMO/kakaopage_20250704020004.jpg,3,"'뭐야?!' 토끼! "" 나는 눈올 의심있다 . 까만 토끼가 귀클 잡한 채 엘리아스 품에 안격 있있다. '안 내려놔? ! "" 마법명가 차남으로 살아남논 법 자연주의 마법명가 차남으로 살아남는 법 (427) 중 KAKAOPAGE"
MEMO/kakaopage_20250704035804.jpg,3,"6( '내 장송곡이 울려 퍼저야 할 날에 개선가을 울 리게 할 각오로 항제가 되려는 거야 "" 마법명가 차남으로 살아남논 법 자연주의 마법명가 차남으로 살아남논 법 (435) 중 KAKAOPAGE"
MEMO/kakaopage_20250702035234.jpg,3,"6C 내가 찾는 사람의 야망이 하늘올 찢러서 어떤 말로도 마음을 돌길 수 없올 게 분명하니 "" '나는 운명에 지논 수밖에. 딱 하나만 내게 남아 준다면 어떤 것도 기꺼이 포기할 수 있어:"" 마법명가 차남으로 살아남논 법 자연주의 마법명가 차남으로 살아남는 법 (347) 중 KAKAOPAGE"
MEMO/IMG_5740.PNG,3,말 없이 무밖백무백 걸어와 자리에 풀썩 앉은 플란스트 본 칼리안의 눈이 벌어적다 '대체 저것이- 저게 대체 무슨 고락서니란 말인가? 상상도 못할 모습올 본 칼리안의 미간이 크 게 찌푸려적다 적국의 왕자로 사는 법 2화 자서현 RIDI
MEMO/kakaopage_20250703021801.jpg,3,상식이 박살 나서 하늘에서 비처럼 떨어지고 있어 마법명가 차남으로 살아남논 법 자연주의 마법명가 차남으로 살아남논 법 (378) 중 KAKAOPAGE
MEMO/kakaopage_20250713051144.jpg,3,나는 가장 시답장은 부분에서 함께 드러누위 웃 고 분수령에서 함께 눈물지은 막역지우가 나의 이야기에 무엇을 할 수 있는지 알고 싶어서 여 기에 있다. 사람에 넘어지고서 오늘 사람에 일 어서서 내일올 본다. 마법명가 차남으로 살아남논 법 자연주의 마법명가 차남으로 살아남는 법 (613) 중 KAKAOPAGE
MEMO/kakaopage_20250712070704.jpg,3,어깨릇 으속이며 모르는 체하자 그는 더 문지 않고 서츠 안쪽올 매만적다. 그러니까 옷감올: 그가 뒷머리흘 말 그대로 헤집기에 나는 이제 슬슬 항당해저 뭐하나는 얼굴로 그룹 빨다. 마법명가 차남으로 살아남논 법 자연주의 마법명가 차남으로 살아남논 법 (606) 중 KAKAOPAGE
MEMO/IMG_2167.JPG,3,책 정보 리뷰 메모 최신 저장일순 작성하기 2025.12.23 그렇다면 선한 자들올 사랑하고 약한 자들올 불쌍히 여겨라 2025.12.23 즉 사람들은 어떤 것이 참되기 때문에 그것올 옳다고 하느 것 이아니라 오직 결과적으로 자신들에게 이로운 것만을 지혜롭 고선하여 옳은 일이라고 판단 한다는 것입니다:
MEMO/kakaopage_20250709002305.jpg,3,"6 너 진짜 잘생겪다 "" 마법명가 차남으로 살아남논 법 자연주의 마법명가 차남으로 살아남는 법 (543) 중 KAKAOPAGE"
MEMO/kakaopage_20250701235455.jpg,3,아티맥트는 내가 가지고 있어야 한다 . 나는 그 렇계 결심햇다 . 레오에게 이런 기억올 물려줄 수 없엎으므로 오늘이 다 끝나면 ` 만약 레오가 이런 일흘 겪지 않는 세계가 있다 면 그때 주어도 된다. 그게 옳앉다. 마법명가 차남으로 살아남논 법 자연주의 마법명가 차남으로 살아남논 법 (334) 중 KAKAOPAGE
MEMO/kakaopage_20250709015655.jpg,3,"6 평민이 왕쪽 좋다고 하면:. 그러니까 구인류 가 신인류 좋다고 하면 어떻게 해야 해? "" 그저 일이 그렇계 된 것이지 월 어떻게 할 수는 없어. 상대가 원한다고 받아 주면 안 되지 "" 마법명가 차남으로 살아남논 법 자연주의 마법명가 차남으로 살아남논 법 (545) 중 KAKAOPAGE"
MEMO/kakaopage_20250714185836.jpg,3,중요한 건 정말 그는 매 순간 그답지 않아진다 논 것이고 내계는 그답지 않은 것이 그다운 일 이없다. 그 특별한 친밀이 내심 즐겁고 반가윗 다 마법명가 차남으로 살아남논 법 자연주의 마법명가 차남으로 살아남논 법 (585) 중 KAKAOPAGE
MEMO/kakaopage_20250628161554.jpg,3,파이가 지금보다 500배좀 커저서 내가 파이 배 틀 베고 잘 수 있으면 좋올 것 같다  마법명가 차남으로 살아남논 법 자연주의 마법명가 차남으로 살아남는 법 (217) 중 KAKAOPAGE
MEMO/kakaopage_20250626023208.jpg,3,"'루카스; 귀 좀 뚫올까?"" 마법명가 차남으로 살아남논 법 자연주의 마법명가 차남으로 살아남는 법 (184) 중 KAKAOPAGE"
MEMO/kakaopage_20250714190803.jpg,3,루카스 에버력이 네 교사엿다고는 말 못해. 네 게 배위서 널 가르쳐다고 말하라고? 널 거의 기 르고 있다고 말하라고? 안 돌 노릇이다. 마법명가 차남으로 살아남논 법 자연주의 마법명가 차남으로 살아남논 법 (585) 중 KAKAOPAGE
MEMO/kakaopage_20250706070502.jpg,3,"'좋아 루카 "" 엘리아스는 입꼬리블 씩 올려 서로가 가장 익 히 알고 있는 방식으로 웃없다. 그가 푸른 눈올 빛내며 말있다. '변하지 안분다고 약속할게 "" 마법명가 차남으로 살아남논 법 자연주의 마법명가 차남으로 살아남는 법 (486) 중 KAKAOPAGE"
MEMO/kakaopage_20250714190142.jpg,3,"6C '내 허락 받고 들어가 "" 나는 한쪽 입고리블 말아올리며 고개록 저없다. ""이미 볼 거 다 밟어 "" )) '월 어디까지 빨길래 '말하기 싫어 "" 마법명가 차남으로 살아남논 법 자연주의 마법명가 차남으로 살아남는 법 (585) 중 KAKAOPAGE"
MEMO/kakaopage_20250702074907.jpg,3,[나도 조금은 적응할 시간이 필요해 나더러 널 해치라니: : . 이건 말도 안 돼 ] 마법명가 차남으로 살아남논 법 자연주의 마법명가 차남으로 살아남는 법 (358) 중 KAKAOPAGE
MEMO/kakaopage_20250630011158.jpg,3,"6 '우리 왕국과 바답 대공국이 루카스 아스카니엔 올 직접 구조할 겁니다 "" 마법명가 차남으로 살아남논 법 자연주의 마법명가 차남으로 살아남논 법 (258) 중 KAKAOPAGE"
MEMO/kakaopage_20250706072843.jpg,3,"'사랑하지 않울 수 없는 부류의 인간이장아. 가 곰 좀 짜증나긴 해도 그 친구는 받은 사랑을 세 상에 돌려주는 법올 알아. 자신이 받는 사랑이 당연하지 않다는 겉 누구보다도 잘 알고 순수 히 감동할 줄 알고 사랑에 멋멋한 인간이 되려 고 노력하지. 물론 그게 항상 성공적이지논 양 은데, 뭐, 노력한 만큼 그 친구는 성장하장아. 마법명가 차남으로 살아남는 법 자연주의 마법명가 차남으로 살아남는 법 (487) 중 KAKAOPAGE"
MEMO/IMG_5751.JPG,3,내가 왜 이렇계까지 하느지는 모르켓는데. 재가 왜 저렇계까지 하느지는 더 모르젯다 적국의 왕자로 사능 법 187화 자서현 RIDI
MEMO/IMG_5209.PNG,3,"싶없다. 진실로 알지 못하리라 믿는 것이 아 니라, 그의 말을 무시하려분 것도 아니라  흙 에 머리 대길 막으려는 것이다. 그렇게 흙으 로 돌아가지 않기틀 바닷다. ""너는 정말 모든 것올 해내는구나 "" 레오나르드는  하늘올 보면서   목이 메이는 것올 느껴고 그럼에도 평정올 담아 말한다: '그렇다면 이것도 해 줄 수 있어?"" 답은 들려오지 않앉다. '나는 언제나 너의 승리록 바라. 국의도 무 엇도 이미 진작에 되없어. 오직 네가 계속 살 길 바라서 , 그래서 그러기틀 원해 "" 레오나르드는 메말라 가능 목을 공연히 안 으로 삼키면서  계속해서 말햇다. '그렇지만 오늘은 네게 힘이 없지. 그렇다 면 이번에는 내가 너름 승리하게  만들어 줄 테니, 그러니: . 레오나르드는 분노하라 말햇다 그때처럼 다시 한번 억지틀 부린다. 그 무려틀 반복한 다. '내 곁에 계속 남아 쥐 """
MEMO/kakaopage_20250714055545.jpg,3,섬세한 편은 아니다. 섬세하게 대해야 할 필요 틀 못 느끼는 것에 가까울 것인데 사람을 그냥 되는 대로 잎거나 던저 놓분 것은 그의 자식도 자주 행하는 바다 . 마법명가 차남으로 살아남논 법 자연주의 마법명가 차남으로 살아남논 법 (624) 중 KAKAOPAGE
MEMO/kakaopage_20250714183103.jpg,3,"그리고 안도하게 하지. 6 내가 네 의지로 막울 수 언는 존재라는 게 너클 안도하게 해?"" 그래   마법명가 차남으로 살아남논 법 자연주의 마법명가 차남으로 살아남논 법 (585) 중 KAKAOPAGE"
MEMO/kakaopage_20250711062523.jpg,3,"나로는 부족하나니, 이 얼마나 배려심 넘치논 대답인가: 그가 눈물 날 만큼 생각이 깊어 나는 눈물이 나지는 않사고 낮프겁기만 햇다. 마법명가 차남으로 살아남논 법 자연주의 마법명가 차남으로 살아남논 법 (587) 중 KAKAOPAGE"
MEMO/kakaopage_20250702054618.jpg,3,그럴 바엔 차라리 마법명가 차남으로 살아남논 법 자연주의 마법명가 차남으로 살아남는 법 (355) 중 KAKAOPAGE
MEMO/kakaopage_20250626023553.jpg,3,'나이도 어린데 벌써 미처서 안타깝게 맺어 ` 마법명가 차남으로 살아남논 법 자연주의 마법명가 차남으로 살아남는 법 (185) 중 KAKAOPAGE
MEMO/kakaopage_20250714190751.jpg,3,"문금없이? 그것도 네가 이런 말을? 나는 당황해 미소 지으며 고개록 저없다. 레오나르드가 한 마디 붙없다. ""거절하지 말고 "" '에이 ` 마법명가 차남으로 살아남논 법 자연주의 마법명가 차남으로 살아남는 법 (585) 중 KAKAOPAGE"
MEMO/kakaopage_20250712022245.jpg,3,"6 적당히 해, 새끼야. 문는 말에나 대답해 마법명가 차남으로 살아남논 법 자연주의 마법명가 차남으로 살아남는 법 (597) 중 KAKAOPAGE"
MEMO/kakaopage_20250630071929.jpg,3,그가 손짓하자; 안티구아리움 홀의 문이 천천히 열핏다. 킬게 벤은 혹은 르네상스 시대에 지어 진 만큼 화려하고 장엄햇다 . 아치형의 벽과 천 장에는 그리스도교 그림이 그려저 있엇고 양편 에 고대 그리스 로마와 관련된 석회 조각상이 늘어서 있없다. 해가 낮아질 시간대워기에 창문 에서 쏟아지논 빛이 킬게 늘어나 내부름 비추엇 다 마법명가 차남으로 살아남논 법 자연주의 마법명가 차남으로 살아남는 법 (265) 중 KAKAOPAGE
MEMO/kakaopage_20250619083144.jpg,3,"6( 고맙다 "" '월, 살아서 열심히 마법 씨야지."" ""원 응?"" 6 맺다. 마법명가 차남으로 살아남논 법 자연주의 마법명가 차남으로 살아남는 법 (13) 중 KAKAOPAGE"
MEMO/kakaopage_20250628163624.jpg,3,"체림젠이 내 손흘 잡고 레오의 뒤릎 쫓앉다 같이 가; 레오 "" 레오가 경몇 어린 표정으로 체림렌올 보고는 다 시 앞올 향해 걸없다. 마법명가 차남으로 살아남논 법 자연주의 마법명가 차남으로 살아남는 법 (218) 중 KAKAOPAGE"
MEMO/kakaopage_20250628005210.jpg,3,번뇌와 질투와 모델은 시간을 깎아 먹는 독이미 그로 인해 무기력의 높에 갇히는 것은 내가 나 의 꿈과 각오에 선물할 수 있는 가장 근 모욕이 다. 그럴 여유로 나는 더없이 찬란한 그들의 재 능에 감란할 것이고 닦이지 않은 날것의 자질 에 빛올 부여한 그들의 치열한 노력과 인고에 박수록 보날 젓이다. 마법명가 차남으로 살아남는 법 자연주의 마법명가 차남으로 살아남는 법 (205) 중 KAKAOPAGE
MEMO/kakaopage_20250711025520.jpg,3,체림렌은 나클 받친 손가락을 까딱여 팔득올 둘 러 보더니 그것도 그렇다는 듯 그력저력 고개 틀 끄덕엿다. 마법명가 차남으로 살아남논 법 자연주의 마법명가 차남으로 살아남논 법 (574) 중 KAKAOPAGE
MEMO/kakaopage_20250713064852.jpg,3,"""죽어 볼 사람이 필요합니다 "" 마법명가 차남으로 살아남논 법 자연주의 마법명가 차남으로 살아남는 법 (615) 중 KAKAOPAGE"
MEMO/kakaopage_20250628163354.jpg,3,체림렌이 내게 손흘 내밀없다 . 평소처럼 그 위 틀 가볍게 치자 체림젠의 손가락이 내 손가락 사이로 들어앉다. 마법명가 차남으로 살아남논 법 자연주의 마법명가 차남으로 살아남논 법 (218) 중 KAKAOPAGE
MEMO/kakaopage_20250625221057.jpg,3,몇 시간이 지낫논지 모르적다. 누군가 내 머리클 잡아들없다 . 마법명가 차남으로 살아남논 법 자연주의 마법명가 차남으로 살아남논 법 (182) 중 KAKAOPAGE
MEMO/IMG_1509.PNG,3,박지성 07. 01. 27:31 박지성 구구구구구국 416 박지성 07. 01 27:31 나 준뤄들이량 많이 친해짓네 다시금 느낌다 720 137 박지성 07. 01. 27:29 답정너엿는데 생각지도 못한 악담들 895 218
MEMO/kakaopage_20250625015410.jpg,3,"'루카 원지 내가 마음이 너무 아프데~?"" ""아니니까 짙리지 마. 내가 말하는 건 부모도 학 교도 사회도 경생시키길 포기한 부류릎 말하는 거라고 "" ""허; 허혀: . 허엉 마지막 뭐냐? 마법명가 차남으로 살아남논 법 자연주의 마법명가 차남으로 살아남논 법 (175) 중 KAKAOPAGE"
MEMO/kakaopage_20250708183858.jpg,3,"어질 적의 레오에 관해 알아번 것이 몇 가지 잎 다: 그 유치원생은 지금도 그렇듯 먹올 것으로 장난치는 것올 좋아하지 안는데, 코에 켜이크 생크림 문히는 정도는 괜찮계 받아들엿다. 마법명가 차남으로 살아남논 법 자연주의 마법명가 차남으로 살아남논 법 (535) 중 KAKAOPAGE"
MEMO/kakaopage_20250628172113.jpg,3,"난 아직도 어이가 없는 게."" 말해  ""이거 하나 하려고 온종일 그런 연애 분위기틀 만문 거야?"" 마법명가 차남으로 살아남논 법 자연주의 마법명가 차남으로 살아남는 법 (219) 중 KAKAOPAGE"
MEMO/kakaopage_20250628165309.jpg,3,아까 내가 보엿던 그 조바심은 도저히 두 눈 뜨 고 못 화줄 짓이없다. 바이에튿의 소유권이 아니라 친구의 안전올 더 깊이 생각햇다면 둘이 왜 그렇게 굳엇는지 알 수 있없을 팀데. 마법명가 차남으로 살아남논 법 자연주의 마법명가 차남으로 살아남는 법 (219) 중 KAKAOPAGE
MEMO/kakaopage_20250707043745.jpg,3,"선생님 . 끝나고 시간 있으신가요?"" 마법명가 차남으로 살아남논 법 자연주의 마법명가 차남으로 살아남는 법 (507) 중 KAKAOPAGE"
MEMO/IMG_5008.JPG,3,"'그러니까 무슨 동물이야?"" 높이 한참 생각하다 대답햇다. '모르켓어! 그냥 나는 난데. 마법명가 차남으로 살아남는 법 자연주의 마법명가 차남으로 살아남는 법 (18) 중 KAKAOPAGE"
MEMO/kakaopage_20250701040100.jpg,3,"이놈 이 나이에 이렇계 생경엇군. 얼굴이 더 둥 글둥글하고 눈이 얼굴의 반을 차지하는 것 같다 눈 감상 빼고는 지금이량 딱히 다름 건 없다. 그 냥 5년 10개월짜리처럼 생겪다. 키논 한 12Ocm, 혹은 그보다 조금 더 글까. 보 통의 대여섯 살에 비하면 조금 근 편 같다 마법명가 차남으로 살아남논 법 자연주의 마법명가 차남으로 살아남논 법 (289) 중 KAKAOPAGE"
MEMO/kakaopage_20250711024944.jpg,3,"'증량에 성공햇으니 잘된 일이라 해 두지. 코칭 은 누가 햇지?"" '반장이 ' 마법명가 차남으로 살아남논 법 자연주의 마법명가 차남으로 살아남논 법 (574) 중 KAKAOPAGE"
MEMO/kakaopage_20250710204508.jpg,3,거기서 보는 원엔 전경이 정말 예뼈. 마법명가 차남으로 살아남논 법 자연주의 마법명가 차남으로 살아남는 법 (439) 중 KAKAOPAGE
MEMO/kakaopage_20250622223157.jpg,3,"66 나도 그렇게 할게."" 6 '뭐?"" 66 9) 나도 그렇게 해 주컷다고 ` 마법명가 차남으로 살아남논 법 자연주의 마법명가 차남으로 살아남논 법 (140) 중 KAKAOPAGE"
MEMO/kakaopage_20250711040959.jpg,3,무엇보다 다른 이유에서 레오나르드에게 루카 스 아스카니엔은 영원히 루카스여야 햇다. 마법명가 차남으로 살아남논 법 자연주의 마법명가 차남으로 살아남는 법 (577) 중 KAKAOPAGE
MEMO/kakaopage_20250620034822.jpg,3,머리카락 색도 평소의 흑갈색이 아니라 교항청 이 신력 사용자의 표준으로 정한 하안색에 가까 윗다. 그의 홍채 역시 동공의 경계가 섬똑활 만 금 선명하게 보이는 염은 물색이없다. 마법명가 차남으로 살아남논 법 자연주의 마법명가 차남으로 살아남논 법 (52) 중 KAKAOPAGE
MEMO/kakaopage_20250712082543.jpg,3,너희가 이해하지 못하는 능력올 가져으니 사람 이 사람답게 있을 권리블 빼앗기는 것이 마땅한 가? 내가 내 의지와 관계 없이 좋아 보이는 것 으로 점철된 인생올 살고 있으니 너희들의 비난 이든 경배든 나름 멋대로 벼량 끝에 세우려분 시도름 받아내야 마땅한가? 마법명가 차남으로 살아남논 법 자연주의 마법명가 차남으로 살아남논 법 (610) 중 KAKAOPAGE
MEMO/kakaopage_20250704064747.jpg,3,"그리고 지금 한 명은 영혼올 잃엇고, 한 명은 신 력올 쏟다는 이유로 정부에 불려 잠고 한 명은 크게 다처 아직 깨어나지 못햇으며, 두 명은 알 수 없는 공간에 떨어저 어단가로 워프햇다. 마법명가 차남으로 살아남논 법 자연주의 마법명가 차남으로 살아남논 법 (447) 중 KAKAOPAGE"
MEMO/kakaopage_20250628163130.jpg,3,코어가 국국 수서 오는 것이 느껴진다. 단순히 대화하는 것에 눈치름 주면 어쩌자는 건 지? 나는 테이블올 손으로 가볍게 여다. 그제야 레오의 신호가 그렇다. 마법명가 차남으로 살아남논 법 자연주의 마법명가 차남으로 살아남논 법 (218) 중 KAKAOPAGE
MEMO/kakaopage_20250712075812.jpg,3,아; 나는 정말이지 이 프랑스인들이 돌려 돌려 무슨 소리틀 하느지 하나도 모르켓고 그냥 파리 에 정신조작마법올 결고 모두의 뇌클 달달 털어 버리고 싶다. 말도 안 되는 소리라는 거 안다. 세상 하직하고 싶다면 그렇게 해도 된다 . 모두 가 레오나르드 같다면 참 종올 렌데. 마법명가 차남으로 살아남논 법 자연주의 마법명가 차남으로 살아남논 법 (608) 중 KAKAOPAGE
MEMO/kakaopage_20250707034346.jpg,3,내가 구체화되지 않은 명료함이라는 아이러니 틀 근거로 레오v 찾앞다 것올 보면 나는 이미 레오나르드 비텔스바흐라는 인간이 그 자체로 표상하는 평화와 안정과 사랑의 풍요로부터 무 의식적으로 벗어나지 못하게 되엿는지도 모른 다 마법명가 차남으로 살아남논 법 자연주의 마법명가 차남으로 살아남논 법 (499) 중 KAKAOPAGE
MEMO/kakaopage_20250712060947.jpg,3,내가 요리하지 않은 이유는 별 것 아니고 그냥 낯선 집의 주방 구조에 익숙지 않아 뭐가 어디 에 있는지 몰탓고 애초에 할 줄 아는 요리가 된 장찌개 말고는 몇 없엇고 결정적으로 밥 먹올 생각이 없없다. 마법명가 차남으로 살아남논 법 자연주의 마법명가 차남으로 살아남는 법 (603) 중 KAKAOPAGE
MEMO/kakaopage_20250714184032.jpg,3,내가 피로할 때마다 이제 여섯 살 된 너름 보러 잠어. 이 말을 내가 어떻게 하나. 마법명가 차남으로 살아남논 법 자연주의 마법명가 차남으로 살아남는 법 (585) 중 KAKAOPAGE
MEMO/kakaopage_20250711062355.jpg,3,"66 나로는 부족해?"" 마법명가 차남으로 살아남논 법 자연주의 마법명가 차남으로 살아남는 법 (580) 중 KAKAOPAGE"
MEMO/kakaopage_20250711051947.jpg,3,"'네가 무슨 말울 하느지는 알지?"" 레오나르드의 미간은 더는 좁혀지지 않앉다. 찰 나의 폭풍올 그대로 보내 준 그분 나르웨의 눈 올 보면서 차분히 말할 뿐이다. '너느 지금 너름 붙잡아 달라고 말햇어 "" 마법명가 차남으로 살아남논 법 자연주의 마법명가 차남으로 살아남는 법 (578) 중 KAKAOPAGE"
MEMO/kakaopage_20250714054039.jpg,3,너희는 나름 벼랑에 떠밀없면 그 순간올 재현하 려는 거야. 내가 세상에 미련올 두지 않단 날로 돌아가라고 마법명가 차남으로 살아남논 법 자연주의 마법명가 차남으로 살아남논 법 (623) 중 KAKAOPAGE
MEMO/kakaopage_20250702061610.jpg,3,"""기억해:' 그리고 그 눈동자에 비치는 나름 본다. 6 '네가 잃는 목숨 하나는 나의 것이야  마법명가 차남으로 살아남논 법 자연주의 마법명가 차남으로 살아남논 법 (356) 중 KAKAOPAGE"
MEMO/kakaopage_20250709232419.jpg,3,"행복해, 루카스? 너는 너클 불살라 이룩하는 평화에 행복올 느껴?"" 마법명가 차남으로 살아남논 법 자연주의 마법명가 차남으로 살아남는 법 (356) 중 KAKAOPAGE"
MEMO/kakaopage_20250704082349.jpg,3,"이거 먹울래?"" 원데? "" ""녹츰 녹; 이러네: 마법명가 차남으로 살아남논 법 자연주의 마법명가 차남으로 살아남논 법 (454) 중 KAKAOPAGE"
MEMO/kakaopage_20250708093807.jpg,3,"66 '나는 언제나 네 편이야: 너로 인해 하늘이 뒤집 히더라도 "" 마법명가 차남으로 살아남논 법 자연주의 마법명가 차남으로 살아남논 법 (531) 중 KAKAOPAGE"
MEMO/kakaopage_20250714190442.jpg,3,세상이 어렵다고 해서 너클 통해 무리하게 얻는 평화는 기쁘지 않아 그 평화 속에 네가 있없으 면 좋계어. 마법명가 차남으로 살아남논 법 자연주의 마법명가 차남으로 살아남논 법 (585) 중 KAKAOPAGE
MEMO/kakaopage_20250701043321.jpg,3,레오나르드는 여차하면 나무늘보처럼 매달려 다닐 각오라도 된 듯 내 옆에 붙어서는 계속 팔 굽치름 만지작거리고 있다. 손올 잡아 달라는 뜻이켓지만 술잔을 들고 있어 그러기 어려워다. 마법명가 차남으로 살아남논 법 자연주의 마법명가 차남으로 살아남논 법 (292) 중 KAKAOPAGE
MEMO/kakaopage_20250711052136.jpg,3,"'나는 지금, 부탁이니 제발 널 정죄해 달라는 말 올 들없어 "" 이게 친구에게 할 말인가? 누구도 말하지 양앞 지만 모두에게 들린 메아리블 무거운 공기가 짓 누르고 있다. 66 나르끼"" 마법명가 차남으로 살아남논 법 자연주의 마법명가 차남으로 살아남논 법 (578) 중 KAKAOPAGE"
MEMO/kakaopage_20250708083426.jpg,3,"""네가 발하는 모든 희광이 나더러, 아직 지켜보 고 싶은 것이 많다고 말하게 하는데:.. "" 마법명가 차남으로 살아남논 법 자연주의 마법명가 차남으로 살아남는 법 (530) 중 KAKAOPAGE"
MEMO/IMG_2098.PNG,3,3:15 모로코 현금 지출 공항 빵 20 택시 점심 120 막날 저녁 150 0
MEMO/kakaopage_20250714002518.jpg,3,누구에게도 존중받지 말고 이해받올 생각조차 말고 철저히 혼자서 죽어 보고 죽어 본 뒤에 깨 달은 것올 전 인류에게 퍼뜨려라. 이 지독하 약 의에 심장이 굳는다. 내 삶이 누구 손에 그렇게 되없다는 말인가? 마법명가 차남으로 살아남논 법 자연주의 마법명가 차남으로 살아남는 법 (619) 중 KAKAOPAGE
MEMO/kakaopage_20250702001913.jpg,3,그제야 레오가 특유의 비릿한 미소홀 지으면 말 햇다. 6( 이제 물러날 길이 없네? 내 팔을 킬로 가르지 안분 한은 ` 마법명가 차남으로 살아남논 법 자연주의 마법명가 차남으로 살아남논 법 (335) 중 KAKAOPAGE
MEMO/kakaopage_20250714042855.jpg,3,세상이 0과 1이 아니라서 나는 무신론자인 동시 에 유신론올 적대하지 않고 그것올 사랑하다. 마법명가 차남으로 살아남논 법 자연주의 마법명가 차남으로 살아남논 법 (622) 중 KAKAOPAGE
MEMO/kakaopage_20250714183947.jpg,3,"66 '가난아기 때는 아니켓지:"" ""아니야: 다섯 살끔 "" 6 '거짓말 "" 마법명가 차남으로 살아남논 법 자연주의 마법명가 차남으로 살아남논 법 (585) 중 KAKAOPAGE"
MEMO/kakaopage_20250701040004.jpg,3,"하지만 이쪽은 고작 12년 사이에 대체 무슨 일 이? 나는 레오릇 볼 거라고 예상햇지-물론 다 셋 살이라는 겉 알기는 햇지만! -이런 완벽한 유치원생올 볼 거라고는, 물론 다시 생각하지만 알앉다. 알앗지만 이결 실제로 본다는 건 말도 안 되게 미친 일이없고 내 정신에 지대한 충격 올 주고 있다. 마법명가 차남으로 살아남논 법 자연주의 마법명가 차남으로 살아남는 법 (289) 중 KAKAOPAGE"
MEMO/kakaopage_20250701040010.jpg,3,'저게 레오라고 ` 마법명가 차남으로 살아남논 법 자연주의 마법명가 차남으로 살아남는 법 (289) 중 KAKAOPAGE
MEMO/kakaopage_20250701040414.jpg,3,아뇨 70개월짜리 레오가 비장하게 말햇다. 뛰가? 비서 손이나 떼라고 해라 마법명가 차남으로 살아남논 법 자연주의 마법명가 차남으로 살아남논 법 (289) 중 KAKAOPAGE
MEMO/kakaopage_20250628162615.jpg,3,"'너희 뭐 해 "" 우정 교류? 좀 더 친해저 볼까 해서."" 웃기지 마 "" 마법명가 차남으로 살아남논 법 자연주의 마법명가 차남으로 살아남논 법 (218) 중 KAKAOPAGE"
MEMO/kakaopage_20250628164502.jpg,3,"'루카스 "" 응: ""정말 최고야 "" 마법명가 차남으로 살아남논 법 자연주의 마법명가 차남으로 살아남논 법 (219) 중 KAKAOPAGE"
MEMO/kakaopage_20250701050820.jpg,3,온몸에 소름이 올라서 도저히 두 눈 뜨고 저절 볼 수가 없다. 난 지금 당장 장성한 다섯 살울 볼 마음의 준비가 안 뒷는데 왜 난 맨날 일어날 때마다 얘틀 가장 먼저 보는 거나? 마법명가 차남으로 살아남논 법 자연주의 마법명가 차남으로 살아남논 법 (295) 중 KAKAOPAGE
MEMO/kakaopage_20250710204949.jpg,3,사무치는 죄책도 사랑도 이제 끝이다. 마법명가 차남으로 살아남논 법 자연주의 마법명가 차남으로 살아남는 법 (440) 중 KAKAOPAGE
MEMO/kakaopage_20250706073246.jpg,3,"왜 6 '내가 오면 안 돼?"" 마법명가 차남으로 살아남논 법 자연주의 마법명가 차남으로 살아남논 법 (487) 중 KAKAOPAGE"
MEMO/kakaopage_20250707063817.jpg,3,"'일기 씨 줄 거야? - 그러젯다고 햇잖아  ""말로 해 쥐 "" 마법명가 차남으로 살아남논 법 자연주의 마법명가 차남으로 살아남논 법 (492) 중 KAKAOPAGE"
MEMO/kakaopage_20250701035908.jpg,3,밝고 탁한 금발올 한 아이가 저 앞에 서 있다. 어디서 많이 본 얼굴올 하고 있지만 그러면서도 눈이 얼굴의 반을 차지햇고 시선이 한참 아래 에 있다. 키가 내 허리까지밖에 안 오는 어린애 가 왜인지 몰라도 명한 얼굴로 나름 올려다보고 있다. 마법명가 차남으로 살아남는 법 자연주의 마법명가 차남으로 살아남논 법 (289) 중 KAKAOPAGE
MEMO/kakaopage_20250706074703.jpg,3,그러니까; 지금:: . 내 엘리아스가 아니라 우리 의 엘리아스 상태잖아  마법명가 차남으로 살아남논 법 자연주의 마법명가 차남으로 살아남는 법 (489) 중 KAKAOPAGE
MEMO/kakaopage_20250710205049.jpg,3,왜 울어 이렇계 훌륭한 날에. 달이 맑아 마법명가 차남으로 살아남논 법 자연주의 마법명가 차남으로 살아남는 법 (440) 중 KAKAOPAGE
MEMO/kakaopage_20250706050716.jpg,3,그는 그럼에도 불구하고 인간이엇고 내가 밟고 선 이 땅에 흐르는 그의 사고는 모두 인간에 의 한 인간의 이야기다. 그리고 이제 인간을 위할 것이다 . 적어도 나름 위있다. 마법명가 차남으로 살아남논 법 자연주의 마법명가 차남으로 살아남논 법 (482) 중 KAKAOPAGE
MEMO/kakaopage_20250628165033.jpg,3,난 1학년 때처럼 또 바보짓올 햇다. 루카스 앞에서만 이게 몇 번째일까. 그러니까 그는 내가 모르는 사이 울리아와 급속 히 친해진 것도 세상에서 유일하게 내가 끼어 들 수 없는 관계름 맞은 것도 아니다. 마법명가 차남으로 살아남논 법 자연주의 마법명가 차남으로 살아남는 법 (219) 중 KAKAOPAGE
MEMO/kakaopage_20250628172211.jpg,3,"""내가 처음으로 본 광경이 체림렌과 네가 입 맞추기 직전 광경이어서 오해햄어 "" 뭐라고?"" '다음에는 이런 일이 있어도 널 말리지 않울 수 있8지논 모르켓지만 , 네계는 다 계획이 잎 올 거라고 생각활게. 마법명가 차남으로 살아남논 법 자연주의 마법명가 차남으로 살아남논 법 (219) 중 KAKAOPAGE"
MEMO/kakaopage_20250628093945.jpg,3,"""계속 여기서 살고 싶으면 그렇계 해야 해 "" 마법명가 차남으로 살아남논 법 자연주의 마법명가 차남으로 살아남는 법 (214) 중 KAKAOPAGE"
MEMO/kakaopage_20250714184008.jpg,3,원래는 혼자 잘 자던 것이 맞다. 잠 잘 시간에 잠 안 자고 계속 마법올 보고 싶어한다는 것만 빼면 마법명가 차남으로 살아남논 법 자연주의 마법명가 차남으로 살아남논 법 (585) 중 KAKAOPAGE
MEMO/kakaopage_20250706065144.jpg,3,"6 '처음이야. 네계서만 처음 듣는 말이 아니라 평 생에 걸처서 처음 듣는 말이야 "" 마법명가 차남으로 살아남논 법 자연주의 마법명가 차남으로 살아남는 법 (485) 중 KAKAOPAGE"
MEMO/kakaopage_20250627032107.jpg,3,비록 제정신이 아니더라도 나름대로 사회화가 된 것들은 자신이 상대방에계 어떤 의심올 사고 있는지 잘 알고 있없다. 마법명가 차남으로 살아남논 법 자연주의 마법명가 차남으로 살아남논 법 (192) 중 KAKAOPAGE
MEMO/kakaopage_20250701043440.jpg,3,사생활은 하나도 보장해 주지 양고 잠자는 시간 까지 줄곧 옆에 붙어 다니려 하는 다섯 살은 다 셋 살이니까 이제 화줄 수 있다. 마법명가 차남으로 살아남논 법 자연주의 마법명가 차남으로 살아남논 법 (292) 중 KAKAOPAGE
MEMO/kakaopage_20250628172601.jpg,3,"그런데 너 왜 자꾸 울리아틀 체림렌이라고 불 러. 원래는 울리아라고 잘만 불컷잖아 "" '글쎄."" 레오가 짧게 대답하고 내게 방곳 미소지없다. 높이 말하지 않아도 바민 대공국과의 신경전 때 문이라는 결 알 수 있없다. '유치: ' 마법명가 차남으로 살아남논 법 자연주의 마법명가 차남으로 살아남는 법 (219) 중 KAKAOPAGE"
MEMO/kakaopage_20250712083012.jpg,3,"""청보 스레일이 크다고 생각하지 않나? 마법명가 차남으로 살아남논 법 자연주의 마법명가 차남으로 살아남는 법 (610) 중 KAKAOPAGE"
MEMO/kakaopage_20250703020013.jpg,3,"6C '네가 누군가흘 경계해야 한다고. 그결 나에게 말해 준다는 건 나름 믿듣다는 말이켓네."" '음: .? 당연하지 "" 내계만 당연햇다 건지, 하이켜 일 이후로 축 처 저 있면 레오가 미소홀 지없다. 마법명가 차남으로 살아남논 법 자연주의 마법명가 차남으로 살아남는 법 (377) 중 KAKAOPAGE"
MEMO/kakaopage_20250714014037.jpg,3,뭐만 하면 다 나 때문-이란다. 정보 고맙지만 웃 기지 마라. 마법명가 차남으로 살아남논 법 자연주의 마법명가 차남으로 살아남는 법 (620) 중 KAKAOPAGE
MEMO/kakaopage_20250630085001.jpg,3,"'루카스. 네가 쫓겨난 땅에 년 정당하게 맞어. 부서지고 있년 코어는 이제 본래의 상태클 찾아 누구보다도 강해적고  겪지 않아도 덜 약의에 잠여년 네 명예는 모든 방해틀 거스른 채 오르 고 있어 "" 마법명가 차남으로 살아남논 법 자연주의 마법명가 차남으로 살아남는 법 (270) 중 KAKAOPAGE"
MEMO/kakaopage_20250630081529.jpg,3,레오도 성장올 억제하지 않으면 언젠가 진짜 2 m클 넘길지도 모르다. 나도 그렇지만 대부분 그다지 2m가 되고 싶지논 않울 것이다. '특히 레오 성격에는 더더욱: 그가 평균과 표준올 사랑하는 성격만 아니없다 면 말이 달라젓켓지. 그래도 2m까지 크고 싶은 사람은 별로 없젯지만. 마법명가 차남으로 살아남는 법 자연주의 마법명가 차남으로 살아남는 법 (267) 중 KAKAOPAGE
MEMO/kakaopage_20250712072217.jpg,3,"'힘내 "" 마법명가 차남으로 살아남논 법 자연주의 마법명가 차남으로 살아남는 법 (606) 중 KAKAOPAGE"
MEMO/kakaopage_20250704014847.jpg,3,"""강아지~"" 마법명가 차남으로 살아남논 법 자연주의 마법명가 차남으로 살아남는 법 (426) 중 KAKAOPAGE"
MEMO/IMG_2049.PNG,3,5:43 524 1일차 키와미야 함바그 파르코 후구오카점 파르코 백화점 렌진 지하상가 숙소 체크인 (오호리 공원) 모모치 해변 후구오카 타위 신신라면 편털 2일차 히즈마부시 반초 하카타역에서 가차 캐닐시티 모추나베 3일차 유후인 버스튜트어(하루하루 투어 7:20 - 17:30) 스시사카바 사시스 하카타마입구점 4일차 후르춧가든 신선 0 0
MEMO/kakaopage_20250714183955.jpg,3,"""거짓말이5나? 나도 당황스러워어. 곧 2미터 찍올 내 친구가 밤에 혼자 잠도 못 자고 영구치 하나 안 난 어린애라니 "" '혼자 잘 잠는데 월 보고 온 거지? 나 보고 온 거 맞고?"" 속네 "" 마법명가 차남으로 살아남논 법 자연주의 마법명가 차남으로 살아남논 법 (585) 중 KAKAOPAGE ""안"
MEMO/kakaopage_20250704065310.jpg,3,"그러니 무엇이라도 바꾸고 싶다면 , 절망이 어 편 감각인지 기억하되 절망하지 말고 오늘올 살 아: 살아남아야 시대의 일원으로서 오늘올 바꿀 수 있으니 "" 마법명가 차남으로 살아남논 법 자연주의 마법명가 차남으로 살아남논 법 (447) 중 KAKAOPAGE"
MEMO/kakaopage_20250711041748.jpg,3,둘은 서로가 알년 서로에서 조금씩 벗어나고 잎 없다. 언젠가 이 엇갈런 길에서 만나 손 잡을 날 이 있올까 아니면 앞으로도 평행선올 지나게 월까 마법명가 차남으로 살아남논 법 자연주의 마법명가 차남으로 살아남논 법 (577) 중 KAKAOPAGE
MEMO/kakaopage_20250619090417.jpg,3,"나르웨의 항금빛 눈에 이채가 돌있다 나르키가 양손을 맞잡고 내게 물없다. 아드리안 아스카니엔은 보통 인물이 아니지. 그렇지?"" 마법명가 차남으로 살아남논 법 자연주의 마법명가 차남으로 살아남논 법 (19) 중 KAKAOPAGE"
MEMO/kakaopage_20250704015346.jpg,3,"""대체 이놈 왜 조사하고 다니는지 모르젯지만 먼저 당신에계 붙잡히 다음에 손올 좀 씻엇습 니다 = 9 으음 그, 더러워서 그런 건 아니니까 기분 나빠하지 말고- ""괜찮습니다. 전혀 기분 안 나별데요 저도 선배 넘이 손 잡으면 씻으러 갈 겁니다 "" '뛰야? ! "" 마법명가 차남으로 살아남논 법 자연주의 마법명가 차남으로 살아남는 법 (427) 중 KAKAOPAGE"
MEMO/kakaopage_20250701034542.jpg,3,"국왕의 말이 아직 끝나지 않은 상황에, 왕세자 가 의자에 무릎올 대고 벌떡 일어낫다. 6 '전하. 제가 원하는 사람이 있습니다. 마법명가 차남으로 살아남논 법 자연주의 마법명가 차남으로 살아남는 법 (288) 중 KAKAOPAGE"
MEMO/IMG_5724.PNG,3,"나는 답있다 ""당연히"" 살아야지 적국의 왕자로 사능 법 1화 자서현 RIDI"
MEMO/IMG_0884.PNG,3,N'U -n03 우리의 계절 NCT DREAM 나의 전부엿런 너 늘 함께한 우리 둘 그기억 하나면 대난
MEMO/kakaopage_20250711055305.jpg,3,"너네 무슨 말 햇나 말 좀 해 화 "" 레오나르드가 눈올 깜빠엿다 . 불을 불인 뒤에 그가 입에서 킬련올 빼내고 간단히 대답있다. '내 생애 가장 무레한 말을 들없어 ' 마법명가 차남으로 살아남논 법 자연주의 마법명가 차남으로 살아남논 법 (579) 중 KAKAOPAGE"
MEMO/kakaopage_20250708093427.jpg,3,네게 선택 받아서 기쁘다는 말은 내가 해야 햇 다 내 유일한 신이 내게 그 손흘 펼치시어 내민 날에. 그렇게 네가 내게 유일한 네가 되엇기 때 문이다. 마법명가 차남으로 살아남논 법 자연주의 마법명가 차남으로 살아남논 법 (531) 중 KAKAOPAGE
MEMO/kakaopage_20250708185537.jpg,3,"사실이 아년 일로 이만한 불명예와 고초v 당해 야 하는 후배이자 국민 영웅이자 '그냥' 루카스 아스카니엔에게, 메클렌부르크 자신이 이 자리 에 앉아 아드리안 아스카니엔과 항제 폐하의 체 스 게임올 지켜보는 것만으로도 죄v 짓는 기분 이 들없다: 마법명가 차남으로 살아남논 법 자연주의 마법명가 차남으로 살아남논 법 (536) 중 KAKAOPAGE"
MEMO/kakaopage_20250708214902.jpg,3,레오나르드에게 받은 삶을 햇되게 할 수는 없엇 다. 육의 죽음뿐 아니다. 나는 타인에계 자기 생 올 걸다 못해 영혼까지 거느 자가 세상에 있음 올 알지 못햇다. 다르고 다른 사람에게 자기름 내어출 수 있는 자흘 그날 처음 발견햇다. 그러 므로 세 번째 고배의 날부터 이 삶은 완벽한 타 인의 운명에 끼어들기 위해 자기 자신올 무너뜨 린 그에계서 받아 나아가고 있다. 마법명가 차남으로 살아남논 법 자연주의 마법명가 차남으로 살아남는 법 (540) 중 KAKAOPAGE
MEMO/kakaopage_20250624024949.jpg,3,바닷이 그릇 데려가게 놔두지 않울 것이다 마법명가 차남으로 살아남논 법 자연주의 마법명가 차남으로 살아남는 법 (156) 중 KAKAOPAGE
MEMO/kakaopage_20250705074725.jpg,3,그의 생각은 나의 생각과 공포스러울 만큼 일치 햇다. 적어도 신학에 관한 그의 관심사흘 제외 하고 그 외의 부분에서논. 그럼에도 그는 여전 히 멀없다. 마법명가 차남으로 살아남논 법 자연주의 마법명가 차남으로 살아남논 법 (465) 중 KAKAOPAGE
MEMO/kakaopage_20250704074430.jpg,3,'레오는 말랑말랑한 초클컷 한 박스 사다 주면 되는 거 아냐?` 마법명가 차남으로 살아남논 법 자연주의 마법명가 차남으로 살아남는 법 (452) 중 KAKAOPAGE
MEMO/kakaopage_20250628165343.jpg,3,3 '바켓에 가지 않울 거지. 마법명가 차남으로 살아남논 법 자연주의 마법명가 차남으로 살아남는 법 (219) 중 KAKAOPAGE
MEMO/kakaopage_20250710053312.jpg,3,'죽어도 같이 죽어야 해. 마법명가 차남으로 살아남논 법 자연주의 마법명가 차남으로 살아남는 법 (559) 중 KAKAOPAGE
MEMO/kakaopage_20250714055323.jpg,3,"""나는 살 것이고 너 또한 살기틀 원해. 마법명가 차남으로 살아남논 법 자연주의 마법명가 차남으로 살아남는 법 (623) 중 KAKAOPAGE"
MEMO/kakaopage_20250624024633.jpg,3,"'루카스 "" [응?] '최고야 "" 마법명가 차남으로 살아남논 법 자연주의 마법명가 차남으로 살아남논 법 (155) 중 KAKAOPAGE"
MEMO/kakaopage_20250701045621.jpg,3,'선생님 예 '배고파요 그거 뭐 나보고 어떻게 하라고 마법명가 차남으로 살아남논 법 자연주의 마법명가 차남으로 살아남는 법 (294) 중 KAKAOPAGE
MEMO/kakaopage_20250627075121.jpg,3,6( 9 '저하: [: 에른스트 경 ] 내가 경칭올 사용하자 레오는 지금 내가 누구로 있는지 바로 알아찾다. [제정신이 아니시지요] 마법명가 차남으로 살아남논 법 자연주의 마법명가 차남으로 살아남는 법 (194) 중 KAKAOPAGE
MEMO/kakaopage_20250702061235.jpg,3,66 난 왜 늘 네 앞에서 바보 같아지논지 모르켓어. 마법명가 차남으로 살아남논 법 자연주의 마법명가 차남으로 살아남는 법 (356) 중 KAKAOPAGE
MEMO/kakaopage_20250705070823.jpg,3,그건 우리가 청산해야 할 미결의 권리클 짓밟 눈 일이야. 기억해야 해. 영원히 기억하는 것이 우리의 묶이야   마법명가 차남으로 살아남논 법 자연주의 마법명가 차남으로 살아남논 법 (465) 중 KAKAOPAGE
MEMO/kakaopage_20250628093751.jpg,3,"아텔베르트가 날 향해 오자, 곁에 선 학생들이 우수수 떨어지기 시작햇다. 선배님 . 그가 어디서 구한 건지 모릎 아이스크림 겁을 건네미 인사있다. 이런 걸 줄 높이 아니라 원가 싶엇지만, 어쨌든 지금 상황으로서는 그의 존재 만으로도 이전이다. 마법명가 차남으로 살아남논 법 자연주의 마법명가 차남으로 살아남는 법 (213) 중 KAKAOPAGE"
MEMO/kakaopage_20250712072027.jpg,3,"""빨리 나아서 뭐하게 "" 6( '네가 좋아할 만한 일"" 마법명가 차남으로 살아남논 법 자연주의 마법명가 차남으로 살아남는 법 (606) 중 KAKAOPAGE"
MEMO/kakaopage_20250628164905.jpg,3,그러니까 그는 내가 모르는 사이 울리아와 급속 히 친해진 것도 세상에서 유일하게 내가 끼어 들 수 없는 관계록 멋은 것도 아니다. 마법명가 차남으로 살아남논 법 자연주의 마법명가 차남으로 살아남논 법 (219) 중 KAKAOPAGE
MEMO/kakaopage_20250708083407.jpg,3,"6 너는 이미 승리햇어 레오. 이러니 내가 어떻게 너클 두고 갈 수 있젯어?"" 마법명가 차남으로 살아남논 법 자연주의 마법명가 차남으로 살아남는 법 (530) 중 KAKAOPAGE"
MEMO/kakaopage_20250714183153.jpg,3,오늘날 나름 살게 하는 것은 이 세계에서 알게 된 사람이다. 마법명가 차남으로 살아남논 법 자연주의 마법명가 차남으로 살아남는 법 (585) 중 KAKAOPAGE
MEMO/kakaopage_20250706185733.jpg,3,"6 외젠 라무르 경이 무슨 생각인지 아무것도 모 르는 건 저도 마찬가지지만  선배남은 정말이 지 저랑 안 맞습니다 ' 뭐 어쩌라고? ! 나도 그렇습니다! "" 그럼 왜 따라오켓다고 하여는지?"" ""외젠 라무르 보러 가능 거지 당신 뒤공무니 쫓 아다니려고 가능 것 아답니다! "" 마법명가 차남으로 살아남는 법 자연주의 마법명가 차남으로 살아남는 법 (493) 중 KAKAOPAGE"
MEMO/kakaopage_20250701040423.jpg,3,"""레오나르드 비닐스바흐입니다 , 선생님. 잘 부 탁드럽니다 "" 마법명가 차남으로 살아남논 법 자연주의 마법명가 차남으로 살아남논 법 (289) 중 KAKAOPAGE"
MEMO/kakaopage_20250708040935.jpg,3,"담배 피율 줄 아십니까?"" 9 예. ""왜 아십니까?"" 그는 나름 보미 담배만 쭉 빨아들이다 바닥에 내려놓앗던 커다란 서류 박스홀 안아 들고 먼저 건물로 들어젯다. 그는 연기름 뱉고서 대답햇 다 '대답하지 않젯습니다 "" 마법명가 차남으로 살아남논 법 자연주의 마법명가 차남으로 살아남는 법 (518) 중 KAKAOPAGE"
MEMO/kakaopage_20250711040842.jpg,3,놀랍 만큼 니클라우스 에른스트와 비슷한 얼굴 로 그와 같이 생긴 동생올 거리낌 없이 죽일 만 금 괴롭혀 농고 이제 와서 평생 동생올 끊찍이 여럿던 것처럼 매사 루카; 루카; 루카: 마법명가 차남으로 살아남논 법 자연주의 마법명가 차남으로 살아남논 법 (577) 중 KAKAOPAGE
MEMO/kakaopage_20250710050011.jpg,3,지금 울리켜는 손가락 만한 병 하나로도 하루종 일 힘이 넘치게 만드는 강력한 약을 지금 5L나 채위 앓다고 한다 . 저게 도대체 얼마일지 생각 하면 햇웃음만 난다. 마법명가 차남으로 살아남논 법 자연주의 마법명가 차남으로 살아남논 법 (558) 중 KAKAOPAGE
MEMO/kakaopage_20250624040408.jpg,3,"""하이켜 네가 하고 싶은 게 있어? 그거부터 하 자: 다행히 하이켜의 눈에 빛이 돌기 시작해다. '술부터 마시자 "" 마법명가 차남으로 살아남논 법 자연주의 마법명가 차남으로 살아남논 법 (161) 중 KAKAOPAGE"
MEMO/kakaopage_20250708183217.jpg,3,아티팩트 하나까지 소중한 마당에 내가 무엇올 해야 햇볕는가 쇄골 아래와 팔득의 살울 째 아 티팩트로 쓰고 있면 사파이어름 넣어야 햇다 . 레오가 그랫년 것처럼 . 마법명가 차남으로 살아남논 법 자연주의 마법명가 차남으로 살아남논 법 (535) 중 KAKAOPAGE
MEMO/kakaopage_20250701040019.jpg,3,유치원생인데? 레오고 뭐고 그냥 유치원생이라 고 이게 크면 그게 돼? 왜인진 모르켓는데 돌아 가서 딱밤 한 대 때려 주고 싶네. 이런 충격적인 일이 다 있냐: 마법명가 차남으로 살아남논 법 자연주의 마법명가 차남으로 살아남논 법 (289) 중 KAKAOPAGE
MEMO/IMG_2118.PNG,3,"4:41 N pay 머니스토리 [ 소비: 절약 21만원이나 아필 수 있다고? 7월 에 항공권 예매해야 하는 이유 2026.06.29 24,390 읽음 핵심 요약 국제선 유류활증료가 6월 27단계에서 7월 19단 계로 내려 장거리 부담이 209 넘계 줄어요. 미국이란 종전 기대와 국제유가 안정, 항공유 1 7% 하락이 이번 근 폭 인하지 이끌없어요. 유류활증료는 탑승일이 아뇨 결제일 기준이라 7 월발권이 더 유리해요. 지난 5월 최고 단계까지 치솟앗던 유류활증료가 두 달 연속 내려가고 있어요. 치슷은 유류활증로로 비행 기 표 예매하는 겉 망설엿다면 지금이 딱 표클 끊기 종 은 타이망인데요. 비행기 표가 얼마나 저럼해적고 발 권 전 알아두면 좋은 내용까지 정리햇어요. N C"
MEMO/kakaopage_20250702073342.jpg,3,"내가 잃는 목숨 하나가 너의 것이라면 , 네가 그 런 방식으로 나름 살리젯다고 결단있다면. 네 작전은 성공이야: 나는 내가 갖지 못한 시간 올 지나는 어린 가능성올 외면할 수 없으니 마법명가 차남으로 살아남논 법 자연주의 마법명가 차남으로 살아남논 법 (357) 중 KAKAOPAGE"
MEMO/kakaopage_20250702001105.jpg,3,"너느 기억하지 않울 권리가 있어 "" ""내가 그 권리v 행사하지 양울 거라고 그 시간 속에 너 혼자 남겨 두관 말이야? 여태까지: . 마법명가 차남으로 살아남논 법 자연주의 마법명가 차남으로 살아남논 법 (335) 중 KAKAOPAGE"
MEMO/kakaopage_20250706185043.jpg,3,"'친황제파라서 데려가켓다니! "" 혹시라도 문제가 생기면 방패로 쓰기 딱 종지 우리도 문제가 생기지 않울까 해서 가려스 거장 아: 마법명가 차남으로 살아남논 법 자연주의 마법명가 차남으로 살아남논 법 (493) 중 KAKAOPAGE"
MEMO/kakaopage_20250710193448.jpg,3,체림렌은 월 부탁하는지 문지도 않고 침대에 비 스득히 앉은 나름 그대로 들처 안고 나르게 곁 에 섞다. 마법명가 차남으로 살아남논 법 자연주의 마법명가 차남으로 살아남논 법 (573) 중 KAKAOPAGE
MEMO/kakaopage_20250701051921.jpg,3,"그날 내가 네게 선택받앗다고 느껴다면, 어떻 게 생각할래?"" 마법명가 차남으로 살아남논 법 자연주의 마법명가 차남으로 살아남는 법 (296) 중 KAKAOPAGE"
MEMO/kakaopage_20250705091016.jpg,3,햄릿은 죽음올 지연하기 위해 광인 행세틀 햇올 지 몰라도 엘리아스는 광인이 되지 않기 위해 투징햇다. 그러나 누구도 알지 못한다 . 우리릎 제외하고 마법명가 차남으로 살아남논 법 자연주의 마법명가 차남으로 살아남는 법 (467) 중 KAKAOPAGE
MEMO/kakaopage_20250708082915.jpg,3,이처럼 의롭지도 멋멋지도 못한 부탁이라 해도 그렇다 해도: 레오나르드는 허공에 머물던 혀름 다시 움직인 다 9) '나름 믿어 줄 수 있올까 마법명가 차남으로 살아남논 법 자연주의 마법명가 차남으로 살아남는 법 (530) 중 KAKAOPAGE
MEMO/kakaopage_20250708074932.jpg,3,"66 '나는 언제나 너의 승리흘 바라. 국의도 무엇도 이미 진작에 되없어. 오직 네가 계속 살길 바라 서, 그래서 그러기록 원해 "" 마법명가 차남으로 살아남논 법 자연주의 마법명가 차남으로 살아남논 법 (529) 중 KAKAOPAGE"
MEMO/kakaopage_20250626015844.jpg,3,"돌려 이제 뒷잖아, 후카스. 이제 그만 하고 돌 아가: ""기억까지 지율 수는 없젯지만, 이건 아니야 이 런 게 대의라면 나는 마법명가 차남으로 살아남논 법 자연주의 마법명가 차남으로 살아남는 법 (183) 중 KAKAOPAGE"
MEMO/kakaopage_20250712073111.jpg,3,9 오여습니까 저하: 마법명가 차남으로 살아남논 법 자연주의 마법명가 차남으로 살아남는 법 (606) 중 KAKAOPAGE
MEMO/kakaopage_20250627040211.jpg,3,"""이렇계 합시다. 나름 죽이시조 ` 9 마법명가 차남으로 살아남논 법 자연주의 마법명가 차남으로 살아남는 법 (192) 중 KAKAOPAGE"
MEMO/kakaopage_20250702022642.jpg,3,"오늘부터 자되하켓습니다 "" 마법명가 차남으로 살아남논 법 자연주의 마법명가 차남으로 살아남는 법 (342) 중 KAKAOPAGE"
MEMO/IMG_2119.PNG,3,"4:41 N 머니투데이 +구독 머너부데미 머니투데이 PicK 삼전녁스 마이크론 왜 떨어지나 햇 더니. S램 뭐길래 'D램 겨울오나' 권성희 기자 수정 2026.07.03. 오후 6:34 V 기사원문 ! = 45 171 가가 미국 반도체주가 2일(현지시간) 이틀 연속 급락햇다. 30개 반도체 기업으로 구성된 필라델피아 반도체지 수(SOX)눈 이날까지 이틀간 71.4% 떨어적다. 반도체 업종 가운데 가장 잘 나뭇던 마이크론 테크늘 로지는 지난 1일 10.6% 2일 5.5% 하락햇다. 반면 한 국의 삼성전자와 SK하이넉스는 마이크론의 주가 급 락 여파로 2일엔 각각 9.196와 14.6% 추락햇으나 3 일엔 8.206와 10.99 급반등햇다. 메모리 주식올 비롯한 반도체주가 근 변동성올 보이고 짓는 가운데 앞으로 방향이 위일지, 아래일지 주목된 다: N C"
MEMO/kakaopage_20250706010139.jpg,3,9 생각이라는 걸 하십시오 ` 마법명가 차남으로 살아남논 법 자연주의 마법명가 차남으로 살아남는 법 (477) 중 KAKAOPAGE
MEMO/kakaopage_20250701035322.jpg,3,'그러고 보니 지금 레오가 몇 살이더라 ` 5년 하고도 10개월. 이제 70개월 살앗다. 마법명가 차남으로 살아남논 법 자연주의 마법명가 차남으로 살아남논 법 (289) 중 KAKAOPAGE
MEMO/kakaopage_20250702061031.jpg,3,"나는 네가 죽길 바라지 않아. 우스운 말일까? 우 리가 지금 숨올 쉬고 살아 있어서, 다음엔 어찌 펼지도 모릎 작전이 기다리고 있는 걸 알면서도 어쨌든 이 순간에 너와 내가 두 눈올 마주하고 있어서, 네가 시간을 돌길 수 있어서 마법명가 차남으로 살아남논 법 자연주의 마법명가 차남으로 살아남는 법 (356) 중 KAKAOPAGE"
MEMO/kakaopage_20250708082534.jpg,3,"'내게 승리할 자신이 있어. 네가 원햇면 곳으로 너름 데려다 줄 자신이, 있어 "" 마법명가 차남으로 살아남논 법 자연주의 마법명가 차남으로 살아남는 법 (530) 중 KAKAOPAGE"
MEMO/IMG_2096.PNG,3,3:15 2026년 2월 6일 오후 10.08 일본 살 것 돈키호터 고구미푸딩 입냄새제거사탕 프유 오고노미야끼 하느거 민티아 간계밥 소스 세분일레분 0 중화 컴라면? 칼다 포선커피 카례 스프레드 유니클로 안에입분럽반팔티 - 0 끈 그금권
MEMO/kakaopage_20250711054213.jpg,3,"6C 나르끼."" 으응~?"" 미안한데 70  . 하고 몇 kg짜리 뭐 좀 잠깐 들 어 볼 생각 없냐 "" ""원 말울 이렇계 하지 마법명가 차남으로 살아남논 법 자연주의 마법명가 차남으로 살아남는 법 (579) 중 KAKAOPAGE"
MEMO/kakaopage_20250626015459.jpg,3,"루카스!"" 레오가 내 어깨릇 붙잡고 있없다. 돌려! "" 마법명가 차남으로 살아남논 법 자연주의 마법명가 차남으로 살아남논 법 (182) 중 KAKAOPAGE"
MEMO/kakaopage_20250708074922.jpg,3,"너느 정말 모든 것올 해내는구나 ' 레오나르드는 하늘올 보면서 목이 메이블 것' 느껴고 그럼에도 평정올 담아 말한다. 그렇다면 이것도 해 줄 수 있어?"" 마법명가 차남으로 살아남논 법 자연주의 마법명가 차남으로 살아남논 법 (529) 중 KAKAOPAGE"
MEMO/kakaopage_20250710205332.jpg,3,66 처음으로 신이 내 기도틀 들어쨌다고 생각햇어 남은 숨으로 너클 살길 수 있으면 좋짓다고 생 각햇거든: 마법명가 차남으로 살아남논 법 자연주의 마법명가 차남으로 살아남는 법 (440) 중 KAKAOPAGE
MEMO/kakaopage_20250714190459.jpg,3,'내계는 그게 평화야 그렇지 않은 세계는 조금 도 평화롭지 않아  마법명가 차남으로 살아남논 법 자연주의 마법명가 차남으로 살아남는 법 (585) 중 KAKAOPAGE
MEMO/kakaopage_20250706085251.jpg,3,"배클 탓는데 , 심하게 출렇거리는 바람에 네 생 각이 낫어. 왜냐면 우리 씻이 동시에 죽으면 너 혼자 심심해서 어떻게 하나 해서 . 마법명가 차남으로 살아남논 법 자연주의 마법명가 차남으로 살아남는 법 (492) 중 KAKAOPAGE"
MEMO/kakaopage_20250628172147.jpg,3,"내가 처음으로 본 광경이 체림렌과 네가 입 맞추기 직전 광경이어서 오해햇어 "" '뭐라고?"" 마법명가 차남으로 살아남논 법 자연주의 마법명가 차남으로 살아남논 법 (219) 중 KAKAOPAGE"
MEMO/kakaopage_20250707043936.jpg,3,"레오나르드가 나름 빛나는 눈으로 올려다보고 있없기에, 뭐라 대꾸할 말이 없어진 나는 앉은 자리에서 조심스럽계 팔을 벌써다. 레오나르드 논 멀뚱히 나름 올려다보고 있다가 마찬가지로 신중히 나름 겨안있다. 마법명가 차남으로 살아남논 법 자연주의 마법명가 차남으로 살아남는 법 (507) 중 KAKAOPAGE"
MEMO/IMG_2097.PNG,3,3:15 남은 식량 된장찌개 소스 2 부대찌개 소스 1 카례 새거 1통 직화짜장 가루 1 불력국 30개 짜파게티 소스 비범면 소스 0 김 감자전의스 1 진간장 간장계란밥 간장 라면스프 고춧가루 후리카게 0 다시다 많이 맛소금 조금 0
MEMO/kakaopage_20250711061108.jpg,3,"그래, 내 특권이지 ' 마법명가 차남으로 살아남논 법 자연주의 마법명가 차남으로 살아남논 법 (580) 중 KAKAOPAGE"
MEMO/kakaopage_20250708040728.jpg,3,"나는 말없이 미소 짓고 레오나르드에게 담배틀 내밀없다 . 밤베르크 시청사 아래로 흐르는 물소 리가 선명하다 . 레오나르드가 나름 바라빛다 . 나는 그에게 직접 말햇다. ""피우십시오 저하: 마법명가 차남으로 살아남논 법 자연주의 마법명가 차남으로 살아남는 법 (517) 중 KAKAOPAGE"
MEMO/kakaopage_20250702000419.jpg,3,"'반갑다 고개록 반좀 떨구고 있면 레오는 눈올 들어 나 틀 올려다보다. 수 번은 보앞노 이 광경에서 레 오의 눈은 이번만큼은 약에 절지 않앉다. 잔뜩 풀린 동공은 이제 여기 없없다. 나는 그 푸른 눈 에 도는 형형하 빛올 보고서 미소 지없다. ""이 눈 한번 보기 힘드네 "" 마법명가 차남으로 살아남논 법 자연주의 마법명가 차남으로 살아남는 법 (334) 중 KAKAOPAGE"
MEMO/kakaopage_20250712040333.jpg,3,오늘부터 내가 연기하는 라플라스만이 진짜 라 플라스다. 마법명가 차남으로 살아남논 법 자연주의 마법명가 차남으로 살아남는 법 (599) 중 KAKAOPAGE
MEMO/kakaopage_20250704035512.jpg,3,"에른스트 경. 원가 착각하나 본데, 나는 죽어도 침대에서 죽 올 생각이 없습니다 . 처형장에서 반역죄로 총살 당하든 당신 곁에서 함께 싸우다 죽튼, 내계는 그 둘뿐입니다 ' 마법명가 차남으로 살아남논 법 자연주의 마법명가 차남으로 살아남논 법 (435) 중 KAKAOPAGE"
MEMO/kakaopage_20250708232110.jpg,3,"아까 학교에서 만문 거 세트 종길래 뜯어 맞어. 나도 엘리아스 본받고 싶어서 "" 6 이게 무슨 소리일까?"" 마법명가 차남으로 살아남논 법 자연주의 마법명가 차남으로 살아남논 법 (540) 중 KAKAOPAGE"
MEMO/kakaopage_20250708033920.jpg,3,"마력 교환 계약 때문에 그런 말을 하나 본데, 레 오나르드 비닐스바흐와 거의 동일하게 수 개월 차이름 두고 태어낫기 때문에 저렇게 말하는 것 이다. 비슷한 시기에 태어나는 통치가문들은 그 부모가 서로 마력올 교환한 결과물일 가능성이 크기 때문이다. 마법명가 차남으로 살아남논 법 자연주의 마법명가 차남으로 살아남논 법 (516) 중 KAKAOPAGE"
MEMO/kakaopage_20250703010333.jpg,3,나는 포크로 초골릿올 찍어 나르키에게 들이다 다. 그러자 약간은 피로한 얼굴로 있면 나르게 가 해맑게 웃으며 초골릿올 받아먹없다 . 나는 내가 원 포크클 집어삼권 나르데틀 보미 햇웃음 쳐다. 마법명가 차남으로 살아남논 법 자연주의 마법명가 차남으로 살아남는 법 (377) 중 KAKAOPAGE
MEMO/kakaopage_20250714183625.jpg,3,9) '네 생애 처음 마신 사람 피는 내 피야 ` 마법명가 차남으로 살아남논 법 자연주의 마법명가 차남으로 살아남는 법 (585) 중 KAKAOPAGE
MEMO/IMG_2095.PNG,3,3:15 Toss tech blog 보기 CLI 좋은거 써서 agent coding? Java 공부하기 0
MEMO/kakaopage_20250624024940.jpg,3,"'내 승리야 "" 그룹 선점한 바이에른의 승리다. 마법명가 차남으로 살아남논 법 자연주의 마법명가 차남으로 살아남논 법 (156) 중 KAKAOPAGE"
MEMO/kakaopage_20250710083107.jpg,3,"'안 그래도 힘든 울리켜름 배려해 주기논커넣 네 폐이스대로 골고 다니니까 돌아가고 싶다고 하지 잘 들어; 울리아. 내가 그 자리에 있없다 고 해도 벌써 서서 잠들없젯어 "" 마법명가 차남으로 살아남논 법 자연주의 마법명가 차남으로 살아남논 법 (568) 중 KAKAOPAGE"
MEMO/kakaopage_20250623174848.jpg,3,왼지 짜증 나는 높이량 성씨가 트라우마을 불러 일으키논 놈도 같이 끼긴 햇는데 마법명가 차남으로 살아남논 법 자연주의 마법명가 차남으로 살아남는 법 (144) 중 KAKAOPAGE
MEMO/kakaopage_20250709232400.jpg,3,"이제 내 독선적인 아집에서 벗어나 인정활 때 가 되없어. 아무리 내가 널 내게 남겨 두려 해도 너느 너야 나는 나고 "" 마법명가 차남으로 살아남논 법 자연주의 마법명가 차남으로 살아남논 법 (356) 중 KAKAOPAGE"
MEMO/kakaopage_20250630072454.jpg,3,레오가 미요하게 장난기흘 담은 얼굴로 물없다. 놀랍다고 답해 주길 기대하는 듯햇다 . 서프라 이즈 선물로 해 주려고 여태까지 제대로 말도 안 해 주고 이 날만 기다연올 테니 그럴 만도 하 지 마법명가 차남으로 살아남논 법 자연주의 마법명가 차남으로 살아남는 법 (266) 중 KAKAOPAGE
MEMO/IMG_2094.PNG,3,살것 0 치즈 0 쌀 우유 파스타면 마늘 계란 고추장 라들러 클랜장티수 안성당면? 요거트 양파 양배추 중면 또는 칼국수면(비범면 먹울거야!) 치약 짐
MEMO/kakaopage_20250703014632.jpg,3,"당시에는 그게 평화인 줄도 몰탓는데 , 실제로 평화가 아니없올지도 모르지만 , 근 의미도 없다 여럿던 시간이 실은 그렇지 않있음올 친구의 의식이 사라지고 나서야 실감한다. 마법명가 차남으로 살아남논 법 자연주의 마법명가 차남으로 살아남논 법 (377) 중 KAKAOPAGE"
MEMO/kakaopage_20250702073351.jpg,3,"의미블 알 수 없는 기억이 흐릿하게 흐른다. 입 이 절로 열핏다. 이번에는 무슨 일이 있어도 잃지 않도록 해야 켓네 "" 마법명가 차남으로 살아남논 법 자연주의 마법명가 차남으로 살아남논 법 (357) 중 KAKAOPAGE"
MEMO/kakaopage_20250626015922.jpg,3,"이런 게 대의라면, 나는 이제 뭐가 정의인지 모 르플어. 마법명가 차남으로 살아남논 법 자연주의 마법명가 차남으로 살아남논 법 (183) 중 KAKAOPAGE"
MEMO/kakaopage_20250714190506.jpg,3,"6 9) 내가 알던 공리주의자는 어디에 간 거야 ` '모르젯어 "" 마법명가 차남으로 살아남논 법 자연주의 마법명가 차남으로 살아남는 법 (585) 중 KAKAOPAGE"
MEMO/IMG_2123.JPG,3,3:59 승 72 날 아침에 챙길거 충전기 스o켜어 화장품 아침에 손거 카메라 보조배터리 드라이기 헤어릇 잠옷 바세린
MEMO/kakaopage_20250702060821.jpg,3,그래 아니지. 하지만 그룹 위해 움직이기 전에 마음을 먼저 가다듬어야 햇다. 나조차 실체v 알지 못하는 상념의 소용돌이 속에서 다시 없올 벗을 대할 수 없없다. 그리로 그클 끌어들일 수 눈 없다. 나름 위하기 이전에 그룹 위해서   절대 로 그럴 수는 없없다. 마법명가 차남으로 살아남논 법 자연주의 마법명가 차남으로 살아남논 법 (356) 중 KAKAOPAGE
MEMO/IMG_2144.JPG,3,큰서트 O 저장공간 비우기 0 지갑 0 보조배터리 0 화장품 생리대 0 포카 0 슬리브 0 탑로더 0 물 0 응원봉 건전지 0 머리끈 0 에어파 0 휴지 0 물티수 0 가글 0 네일립 0 나툼
MEMO/kakaopage_20250706052814.jpg,3,"'네가 오늘올 바뀌구나 "" 마법명가 차남으로 살아남논 법 자연주의 마법명가 차남으로 살아남는 법 (483) 중 KAKAOPAGE"
MEMO/kakaopage_20250708033749.jpg,3,"바닷의 예복올 입은 체림젠이 팔장올 끼고 1층 의 벽에 기대 서 있없다. 그가 나름 보미 미소 지은 채로 말햇다. 만나서 반갑습니다, 에른스트 경. 9 마법명가 차남으로 살아남논 법 자연주의 마법명가 차남으로 살아남는 법 (516) 중 KAKAOPAGE"
MEMO/kakaopage_20250702061054.jpg,3,"나는 지금 다른 무엇보다 네 생존올 바라. 당지 않울 목소리가 목구멍올 메운다 . 네가 수도 없 이 넘는 사선의 결과는 수많은 사람올 살리지만 나는 네가 살길 바라. 다른 누구도 아난 네가 어떤 모습으로라도, 어떤 모습이 되더라도 살길 바라서 나는 마법명가 차남으로 살아남논 법 자연주의 마법명가 차남으로 살아남논 법 (356) 중 KAKAOPAGE"
MEMO/kakaopage_20250702061040.jpg,3,나는 지금 다른 무엇보다 네 생존올 바라. 마법명가 차남으로 살아남논 법 자연주의 마법명가 차남으로 살아남는 법 (356) 중 KAKAOPAGE
MEMO/IMG_5367.JPG,3,다 근 나보다 다섯 살짜리 내가 더 낫기라 도 한가?'
MEMO/kakaopage_20250704083217.jpg,3,이렇계 오기까지 변한 둘의 모든 순간이 루카스 의 머리에 그대로 남아 있없다 . 남은 것이 글자 로 흘러나와 수적으로 현현있다 . 흘러간 시간이 레오나르드의 손에 있있다. 분명히 그쨌다. 마법명가 차남으로 살아남논 법 자연주의 마법명가 차남으로 살아남논 법 (455) 중 KAKAOPAGE
MEMO/kakaopage_20250714185554.jpg,3,어린 자신이 어른 루카스름 즐족 쫓아다빠올 걸 충분히 예상하느지 그의 것바퀴가 난감함에 붉 어쩌다. 마법명가 차남으로 살아남논 법 자연주의 마법명가 차남으로 살아남논 법 (585) 중 KAKAOPAGE
MEMO/kakaopage_20250714190429.jpg,3,"6C 나는 네가 약속올 지켜 주리라 믿어, 루카스 "" '물론이지; 월 물어 "" 6C 너클 위해서, 그리고 나름 위해서: . . 너클 사랑 하는 친구들올 위해서 그렇계 해 쥐. 세상이 어 렵다고 해서 너클 통해 무리하게 언는 평화는 기쁘지 않아 그 평화 속에 네가 있없으면 종켓 어  마법명가 차남으로 살아남논 법 자연주의 마법명가 차남으로 살아남는 법 (585) 중 KAKAOPAGE"
MEMO/kakaopage_20250704080534.jpg,3,"6( '너 혼자 이러고 노냐?"" ""어질 때: 일단 70개월은 안 그렇다. 그 이후의 일이켓지. 마법명가 차남으로 살아남논 법 자연주의 마법명가 차남으로 살아남논 법 (454) 중 KAKAOPAGE"
MEMO/kakaopage_20250706051059.jpg,3,"어떤 것도 끝에 다다르지 않앉음올 알아벗다고 말하켓어! "" 마법명가 차남으로 살아남논 법 자연주의 마법명가 차남으로 살아남는 법 (482) 중 KAKAOPAGE"
MEMO/kakaopage_20250711060139.jpg,3,그가 내 앞에서 왕세자 레오나르드 비텔스바흐 가 아니라: . 그의 말대로 고유하고 새로위 뭐라 명명하기 어려운 어떠한 레오나르드 비텔스바 흐가 되는 것은 이미 오래 전부터 알앉다. 마법명가 차남으로 살아남논 법 자연주의 마법명가 차남으로 살아남논 법 (580) 중 KAKAOPAGE
MEMO/kakaopage_20250701042928.jpg,3,'에버넷 경. 제 보호자로 가 주세요. 지금 이 말은 가서도 자기랑 같이 놀아 달라는 얘기다. 마법명가 차남으로 살아남논 법 자연주의 마법명가 차남으로 살아남는 법 (297) 중 KAKAOPAGE
MEMO/kakaopage_20250701054145.jpg,3,그래. 내가 이따 보자고 햇잖아 마법명가 차남으로 살아남논 법 자연주의 마법명가 차남으로 살아남논 법 (297) 중 KAKAOPAGE
MEMO/kakaopage_20250628005157.jpg,3,"한계가 명확한 내 재능은 악마와 영혼올 바꾸지 안는 한 변화할 일 없고, 유일하게 내가 할 수 있는 것은 명백한 한계록 얇에도 불구하고 마치 그것올 모르는 것처럼 나의 오늘에 최선올 다 하는 것쁘이다 마법명가 차남으로 살아남논 법 자연주의 마법명가 차남으로 살아남는 법 (205) 중 KAKAOPAGE"
MEMO/kakaopage_20250708231911.jpg,3,네가 계속 너이기도 하다는 겉 보고 싶어 마법명가 차남으로 살아남논 법 자연주의 마법명가 차남으로 살아남는 법 (540) 중 KAKAOPAGE
MEMO/kakaopage_20250714184111.jpg,3,바닥을 뚫고 자라난 꽃 줄기가 소매와 서즈 칼 라 안쪽올 파고들없다. 마법명가 차남으로 살아남논 법 자연주의 마법명가 차남으로 살아남는 법 (585) 중 KAKAOPAGE
MEMO/IMG_5366.JPG,3,눈지 말하라는 뜻이켓지. [루카스 에버랗이 네 교사엿다고는 말 못해 .  네게 배위서 널 가르 첫다고 말하라고? 널 거의 기르고 있다고 말 하라고? 안 덜 노릇이다 내가  질색팔색하자
MEMO/kakaopage_20250711033603.jpg,3,"'네가 엘리아스야?! "" '따라해 보고 싶없어 "" 마법명가 차남으로 살아남논 법 자연주의 마법명가 차남으로 살아남논 법 (575) 중 KAKAOPAGE"
MEMO/kakaopage_20250711040835.jpg,3,레오나르드는 이곳에서 마음이 편치 않앉다. 오 밤중에 아드리안 아스카니엔이 찾아올 리 없다 지만 그자와 같은 반도 땅에 서 있다는 것만으 로도 담탁지 않다. 마법명가 차남으로 살아남논 법 자연주의 마법명가 차남으로 살아남논 법 (577) 중 KAKAOPAGE
MEMO/kakaopage_20250623212656.jpg,3,그러고 보니 높이 알면 안 되지. 구마 당할지도 모르다. 마법명가 차남으로 살아남논 법 자연주의 마법명가 차남으로 살아남논 법 (145) 중 KAKAOPAGE
MEMO/kakaopage_20250709015115.jpg,3,"""네가 비정상이면 안 되는 거야? 있는 그대로의 너느 안 돼?"" 마법명가 차남으로 살아남논 법 자연주의 마법명가 차남으로 살아남는 법 (544) 중 KAKAOPAGE"
MEMO/kakaopage_20250711052000.jpg,3,"6( '계속해서 네게 인상을 찌푸리고 "" 한 번도 그런 적 없어도 앞으로는 언성올 높이 고 ""네 신경올 불편하게 하고 끝없이 네가 대답하 지 않분 것올 문고 문고 또 물으라고 말해 ` 마법명가 차남으로 살아남논 법 자연주의 마법명가 차남으로 살아남는 법 (578) 중 KAKAOPAGE"
MEMO/IMG_5358.PNG,3,"12:32 마법명가 차남으로 살아남는 법 (585) 누구보다도 매뉴얼대로 하는 레오나르드가 내 말만을 믿고 기다렇다. 풀도 아니고 두께 운 나무 줄기가 우득거리면서 옆으로 비져나 와 팔득올 감심다 . 나는 어깨률 으속이며 레 오나르드에게 말햇다. '소용 없어 이건 구속에도 의미가 없거 든: (( 그게 나틀 항상 무력하게 해, 루카스 "" 나는 깊게 가라앉은 목소리블 듣고 입울 다 물없다 . 레오나르드는 내 우려오는 다르게 지 곳한 얼굴로 말햇다 . '그리고 안도하게 하지."" '내가 네 의지로 막을 수 없는 존재라는 게 너클 안도하게 해?"" 그래' 많은 것이 양립 가능하지. 레오나르드는 그 렇계 말하는 것 같앉다. 상반되는 것은 그에 게 0]미가 언어 부 연다 누으 가마히 바라보 0 이전 3 | 19 69 :="
MEMO/kakaopage_20250710042448.jpg,3,깐죽대기는 햇지만 선배님 정도엿다고나 할까 요 그보다도 훨씬 덜햇습니다. 마법명가 차남으로 살아남논 법 자연주의 마법명가 차남으로 살아남는 법 (555) 중 KAKAOPAGE
MEMO/kakaopage_20250711054842.jpg,3,엘리아스가 울리아보다 레오나르드에게 더 찰 씩 붙어있는 이유는; 레오나르드가 사교계에서 고립되어 출당 엘리아스에계 먼저 손올 내밀엇 기 때문에 그클 더 애듯하게 여기논 것도 있지 만 재미름 쫓는 울리아가 종종 엘리아스홀 곤란 하게 하기 때문에 그들 스스로도 난리가 감당이 안 되기 때문일 테다 마법명가 차남으로 살아남는 법 자연주의 마법명가 차남으로 살아남는 법 (579) 중 KAKAOPAGE
MEMO/IMG_5364.JPG,3,"@""l 점점 난감해 썹너의 반 이상울 너 와 함께 있없다. 내내가 피로할 때마다 이제 여 셋 살 된 너름 보러 잔어 | 이 말을 내가 어떻 게 하나 . 무조건 짧게 답해야 햇다. 그는 도대"
MEMO/kakaopage_20250706223059.jpg,3,"6 그냥~"" 6 '장그러위 ` 아아아! 마법명가 차남으로 살아남논 법 자연주의 마법명가 차남으로 살아남논 법 (498) 중 KAKAOPAGE"
MEMO/kakaopage_20250708071800.jpg,3,"분노해 나는 익숙한 목소리가 곁에서 지어지는 것올 등 논다. 누군가 내게 간구하고 있없다. 나는 이마 가 땅에 당기 전에 나름 건저내는 목소리블 다 시 듣는다: ""차라리 그렇계 해. 되지 안빠다면 나름 위해서 라도 그렇게 해 마법명가 차남으로 살아남는 법 자연주의 마법명가 차남으로 살아남는 법 (528) 중 KAKAOPAGE"
MEMO/IMG_5748.JPG,3,"""왕 리본 안돼. 작은 리본도 안돼_ 잠깐 실망한 분위기가 돌러니 다른 아 이디어가 나용다: 갈리안이 다시 말햇다. (6 프길 많이 안돼"
MEMO/kakaopage_20250714050154.jpg,3,이 이야기는 나의 것이다. 내가 여기에 있는 것 은 나의 의지다 마법명가 차남으로 살아남논 법 자연주의 마법명가 차남으로 살아남논 법 (622) 중 KAKAOPAGE
MEMO/kakaopage_20250709231804.jpg,3,"어질 적에 비서 앞에서 수도 없이 연습햇다 말 올 내뱉기로 햇다. '안녕, 루카스 "" 마법명가 차남으로 살아남논 법 자연주의 마법명가 차남으로 살아남논 법 (356) 중 KAKAOPAGE"
MEMO/kakaopage_20250711055816.jpg,3,6 9) '너 진짜 제정신 아니구나 ` 마법명가 차남으로 살아남논 법 자연주의 마법명가 차남으로 살아남는 법 (579) 중 KAKAOPAGE
MEMO/kakaopage_20250710204710.jpg,3,"66 나름 위해 살아달라고 할 수가 없어, 엘리."" 나는 알거든 ` 마법명가 차남으로 살아남논 법 자연주의 마법명가 차남으로 살아남논 법 (439) 중 KAKAOPAGE"
MEMO/kakaopage_20250620002541.jpg,3,"돈이 없다 "" 원 항가 사람이 돈이 없어? 장난해? ! "" 마법명가 차남으로 살아남논 법 자연주의 마법명가 차남으로 살아남는 법 (31) 중 KAKAOPAGE"
MEMO/IMG_3853.PNG,3,"우더라도, 일단은 쓰면서 정리 좀 해아켓다. 나는 서류 가방을 끌어당겨 손올 넣없다. 따뜻한 털 덩어리가 손끝에 당앉다. 음?' 털 ? 그 순간 , 나도 모르게  경기틀 일으키여 팔 올 뒤로 벗다. 이어 익숙한 덩어리가 고개틀 가방 위로 속 들없다. '루카스]"" ""너 어떻게:. 내가 말울 잇지 못하고 목딪미 잡앗지만 파이는 전혀 개의치 양고 창가로 뛰없다. '우와~ 루카스 집 나르게 집 같아"" '들키면 어쩌려고 여기까지 앓어?!"" '나르게가 가래! 그리고 나도 루카스량 잎 논 게 좋아~' 이게 괜찮은 상황인지는 차치하고  내내 확 막혀다 J이 우"
MEMO/kakaopage_20250714182946.jpg,3,"9) ""잘 기다렇네. 사람도 안 부르고 ` 마법명가 차남으로 살아남논 법 자연주의 마법명가 차남으로 살아남는 법 (585) 중 KAKAOPAGE"
MEMO/kakaopage_20250708074945.jpg,3,그렇지만 오늘은 네게 힘이 없지. 그렇다면 이 번에는 내가 너클 승리하게 만들어 줄 테니 그 러니: 마법명가 차남으로 살아남논 법 자연주의 마법명가 차남으로 살아남논 법 (529) 중 KAKAOPAGE
MEMO/kakaopage_20250628013722.jpg,3,"에스체트, B . 독일어 알파뱃에만 존재하는 글자다. '작명 센스 뛰야 ` 마치 이건 이제부터 너희 팀명은 히웃이다 라 눈 말처럼 들린다. 마법명가 차남으로 살아남논 법 자연주의 마법명가 차남으로 살아남는 법 (206) 중 KAKAOPAGE"
MEMO/kakaopage_20250703021808.jpg,3,"'상식이 박살 나서 하늘에서 비처럼 떨어지고 있어 ""이건 또 원 소리야 마법명가 차남으로 살아남논 법 자연주의 마법명가 차남으로 살아남는 법 (378) 중 KAKAOPAGE"
MEMO/kakaopage_20250708093310.jpg,3,6 9) '네가 신을 이것구나. 마법명가 차남으로 살아남논 법 자연주의 마법명가 차남으로 살아남는 법 (537) 중 KAKAOPAGE
MEMO/IMG_5749.PNG,3,"1.08 , 주요 등장인물의 취미 및 좋아하는 음식 취미 현재 칼리안 인공호수 산책  목욕(욕조가 까매 서 좋아해요) 과거 칼리안 마법서적 위기, 테라스에 나가 바 람 쇠기 베른 : 이스가 내 주는 문제 풀기 플란츠 명때리기 고양이 안고 명때리기 불꺼 농고 명때리기 탄델 장미 다듬기 온갖종류의 논서 위기(전공 분야 없이 다독하는 편) 키리에 검술 수련 , 검술 연습  검술 연구  히나 챙기기 하나 : 새 모이주기 고양이 이름표 새로 만들기 고양이 밥주기 - 안 : 바이올린 일기쓰기 귀족가 새로운 정보 외 위놓기 드미레아 정치분야 책 보기 승마, 검술 베로니카 : 요리(요리 수준굽이예요) 현재 체이스 사냥(의외로 명사수)   산책 과거 체이스 사냥 산책 수영(어질 때 수영의 필요성올 절실히 느껴어요) 얼런 마법 수련  마법 교육서 집필 칼리안 걱정"
MEMO/kakaopage_20250708034024.jpg,3,바이에튼과 바렌은 친교름 위한 혼인올 주로 이 루없으니 서로 같은 성분올 통해 만들어적다는 말은 어느 정도 맞다. 마법명가 차남으로 살아남논 법 자연주의 마법명가 차남으로 살아남논 법 (516) 중 KAKAOPAGE
MEMO/IMG_5365.JPG,3,않있올 리가 없다. 어린 자신이 어른 루카스 틀 즐졸 쫓아다빠올 겉 충분히 예상하는지 그 의 것바퀴가 난감함에 붉어적다 흥미롭군 ` 저것도 여기서만 보여주는 겉 까: 나는 소설에서 레오나르드가 얼굴올 붉젖
MEMO/kakaopage_20250702020036.jpg,3,"'네 집무실 경 숙소는 이제부터 여기야 잘 사용 하길 바라 "" 네 방이잖아! "" 그래. 그래서?"" 마법명가 차남으로 살아남논 법 자연주의 마법명가 차남으로 살아남는 법 (341) 중 KAKAOPAGE"
MEMO/kakaopage_20250704082719.jpg,3,[레오야 안녕] [잘 지내지? 항상 응원한다 . 년 정말 멋진 친구 야] [네 친구가] 마법명가 차남으로 살아남논 법 자연주의 마법명가 차남으로 살아남논 법 (454) 중 KAKAOPAGE
MEMO/kakaopage_20250710044010.jpg,3,메클런부르크는 아주 그냥 이것저것 시키다는 얼굴로 입을 옆으로 죽 늘이고 눈올 가늘게 멋 다 그러면서도 손은 신속하게 클러치틀 뒤지고 있있다: 마법명가 차남으로 살아남논 법 자연주의 마법명가 차남으로 살아남논 법 (556) 중 KAKAOPAGE
MEMO/kakaopage_20250714185608.jpg,3,흥미롭군 . 저것도 여기서만 보여주는 걸까 나는 소설에서 레오나르드가 얼굴올 붉햇다는 묘사틀 단 한 번도 본 적이 없는데. 곧 주먹 나 갈 것처럼 싸늘한 얼굴이라는 엘리아스의 이상 한 서술은 낮어도. 마법명가 차남으로 살아남논 법 자연주의 마법명가 차남으로 살아남는 법 (585) 중 KAKAOPAGE
MEMO/IMG_5359.PNG,3,"12:39 마법명가 차남으로 살아남는 법 (585) 것도 신기한데 . 잠깐 보고 만 건가?"" '아니 "" 이미지로 공유 점점 난감해 썹너의 반 이상을 너 와 함께 있없다. 내내가 피로할 때마다 이제 여 셋 살 된 너클 보러 갖어_ 이 말을 내가 어떻 게 하나. 무조건 짧게 답해야 햇다. 그는 도대 체 이게 뛰나는 얼굴로 눈올 가늘게 뜨고 무 릎에 팔굽치틀 맨 채 몸올 내 쪽으로 기울옆 다: ""너 거기서 뭐하는 사람이야 "" 그러니까  뭐하는 높이길래 왕세자지 접권 햇냐 이거지. 뭐하는 높이나면: 말문이 막히다 . 건실한 얼굴로 입꼬리 끝만 살짝 비틀고 잇자 레오나르드가 왜 저러나는 얼굴로 눈올 대충 뜨고 손올 텅겪다. 바닥올 뚫고 자라난 꽃 줄기가 소매와 서츠 칼라 안 쪽올 파고들없다. 나는 숨올 들이마석다가 생 경한   간지러움에 횟웃음치면서 바닥올 발로 부술 듯이 거세게 내리젓다. 내 마력이 식물 0 이전 12 / 19 69 :="
MEMO/IMG_5361.PNG,3,"니 나세어 0 Ig어 근드 잇I 근너' 고 싶엇켓지. 그럼 , 간만에 숙게임이나 활까, 루카스. "" 뜨금없이? 그것도 네가 이런 말을? 나는 당 황해 미소 지으며 고개록 저없다. 레오나르드 가 한 마디 붙얹다. ""거절하지 말고 "" ""에이"" 이미지로 공유 에이, 안돼 . 안뇌시 무슨 일이 있엇 논지 말하라는 뜻이켓지 [루카스 에버렉이 네 교사엿다고는 말 못해. 네게 배위서 널 가르 2다고 말하라고? 널 거의 기르고 있다고 말 하라고? 안 돌 노릇이다_ 내가 질색팔색하자 레오나르드는 그것마저도 흥미롭게 관찰하다 니 조용히 말해다. '어느 세계에서나 너는 내 친구야  영원히 그렇켓지."" ""그야 당연하지 "" 레오나르드는 깔끔한   미소홀 짓너니  생각 에 잠겪다. 또다. 또 어떻게 해야 내게서 답을 들올 수 있8지 계산하고 있다. 호승심 넘치 논 레오나르드틀 체념한 채 보고 있으니 그가 문득 나흘 곁눈으로 보고서 눈썹올 올려 마주 웃어 주없다: 문득, 무언가   뇌리에 스릇다. 헬데가르트 비닐스바흐블-끼어기 위대 ""위 두엇님 수"
MEMO/kakaopage_20250711055026.jpg,3,너: 내가 말끝올 흐리니 레오나르드는 오히려 왜냐 논 얼굴로 눈썹올 올리고 나름 바라찾다. 나는 그가 은으로 된 테이스에 킬련올 비벼 끄분 것 올 보고서 머리가 더 지끈거려 침묵하다  평범 하게 말햇다 . 마법명가 차남으로 살아남논 법 자연주의 마법명가 차남으로 살아남논 법 (579) 중 KAKAOPAGE
MEMO/kakaopage_20250713043954.jpg,3,성깔 어디 안 간다. 마법명가 차남으로 살아남논 법 자연주의 마법명가 차남으로 살아남는 법 (612) 중 KAKAOPAGE
MEMO/kakaopage_20250711065654.jpg,3,"'내 자식에 앞서 선수 좀 치컷습니다. 그대의 마 력올 바이에튿의 미래에 공여하십시오 "" 마법명가 차남으로 살아남논 법 자연주의 마법명가 차남으로 살아남논 법 (581) 중 KAKAOPAGE"
MEMO/kakaopage_20250711042016.jpg,3,여담이나 그런 정중한 친절은 둘올 친해지지 않 게 한다. 마법명가 차남으로 살아남논 법 자연주의 마법명가 차남으로 살아남는 법 (577) 중 KAKAOPAGE
MEMO/kakaopage_20250712070655.jpg,3,레오나르드는 턱 아래 손올 올려 맥올 짚더니 경추 쪽으로 손흘 옮격다. 로잘리의 마법식이 떠올라 마력이 튀어오르니 레오나르드가 뭐냐 논 얼굴로 나름 본다. 마법명가 차남으로 살아남논 법 자연주의 마법명가 차남으로 살아남논 법 (606) 중 KAKAOPAGE
MEMO/kakaopage_20250711055807.jpg,3,"너 진짜 제정신 아니구나 "" 레오나르드는 그 말에 방곳 웃더니 대수롭지 않 게 대답햇다 . 99 '글쎄, 네 앞에서만큼 제정신 아뇨 적은 없지 ' 마법명가 차남으로 살아남논 법 자연주의 마법명가 차남으로 살아남논 법 (579) 중 KAKAOPAGE"
MEMO/kakaopage_20250702074714.jpg,3,"""레오 난 살면서 친구 손에 머리블 지지게 월 거라고 생각해 본 적은: . . [머리만 지지지 않울 거야 그게 혹시라도 퍼저 서 다른 곳에 악영향올 끼칠 수 있으니까] 그럼 머리부터 발끝까지 다 지지짓다는 말이나 ? 아주 당당하구나 "" 마법명가 차남으로 살아남논 법 자연주의 마법명가 차남으로 살아남논 법 (358) 중 KAKAOPAGE"
MEMO/kakaopage_20250711065912.jpg,3,"레오나르드가 오래 공부해 특유의 독보적인 성 질머리v 가다듬어 티가 나지 않울 뿐이지-생 각하고 보니 티가 안 나기는 개별 그놈 성깔에 항당해저 끌려간 기억만 수두록하다 - , 솔직히 말해서 내가 1897년에 떨어지기 전까지 알년 레오나르드는 매사 이렇계 행동하다 . 마법명가 차남으로 살아남논 법 자연주의 마법명가 차남으로 살아남논 법 (582) 중 KAKAOPAGE"
MEMO/kakaopage_20250630085527.jpg,3,가능활지는 모르지만 나는 내가 이미 한번 실패 햇년 것올 그에게 오래도록 쥐여 주고 싶다. 내 가 이 인간보다 조금 먼저 실패해 이 빛나는 올 곧음에 최선올 다할 수 엇게 되없다는 것에 안 도할 뿐이다. 마법명가 차남으로 살아남논 법 자연주의 마법명가 차남으로 살아남는 법 (270) 중 KAKAOPAGE
MEMO/kakaopage_20250629080528.jpg,3,"6 '3분 남앉다. 마지막으로 하고 싶은 말 없냐? "" 레오는 한참 입을 열지 못하다, 표정 없이 말햇 다 6C 다음에는 꼭 바이에름에 가자 "" 마법명가 차남으로 살아남논 법 자연주의 마법명가 차남으로 살아남는 법 (244) 중 KAKAOPAGE"
MEMO/kakaopage_20250628172326.jpg,3,"""정말 솔직하게, 첫 감상?' ""어: 솔직하게 "" ""이것들이 빠져 가지고 일하는 곳에서 원 짓거 리블 하는 거지? 여기가 기숙사야? 학교나? 아 앞으로 팀 생활 어떡하지 "" 마법명가 차남으로 살아남논 법 자연주의 마법명가 차남으로 살아남는 법 (219) 중 KAKAOPAGE"
MEMO/kakaopage_20250702230313.jpg,3,"그만 좀: 드 너 때문에 아직도 허가 아리다고. 장난 칠 기분 은 도저히 아니없다. 말이 끝나기도 전에 나르 켜가 내 입에 무언가을 찍은 포그v 밀어 넣고 웃없다. ""파베 초홀컷 ~"" 마법명가 차남으로 살아남논 법 자연주의 마법명가 차남으로 살아남는 법 (377) 중 KAKAOPAGE"
MEMO/kakaopage_20250708040950.jpg,3,"담배 피율 줄 아십니까? = 예 "" '왜 아십니까?"" 마법명가 차남으로 살아남논 법 자연주의 마법명가 차남으로 살아남논 법 (518) 중 KAKAOPAGE"
MEMO/kakaopage_20250710042458.jpg,3,"뭐라고 햇습니까?"" 마법명가 차남으로 살아남논 법 자연주의 마법명가 차남으로 살아남는 법 (555) 중 KAKAOPAGE"
MEMO/kakaopage_20250703043440.jpg,3,후계 생산은 완전히 비즈니스인 것이 맞다. 하 지만 비즈니스도 엿 같은 새끼랑 하고 싶지논 않은 법이지. 특히 그 생산물올 성년 이후까지 키워야 하는 입장에서는 더더욱 마법명가 차남으로 살아남논 법 자연주의 마법명가 차남으로 살아남논 법 (385) 중 KAKAOPAGE
MEMO/IMG_5360.PNG,3,"한숨올 내쉬없다. 잠깐 보고 만 게 아니라는 것이 무슨 말인지 완벽히 알앞올 테다. 개인 교사라는   것까 이미지로 공유 '앞어도 왕실에 서 마법 쓰는 내세 노나드느가 관심올 갖지 않있올 리가 없다. 어린 자신이 어른 루카스 틀 즐족 쫓아다 께올 걸 충분히 예상하느지 그 의 컷바퀴가 난감함에 붉어적다: 흥미롭군: 저것도 여기서만 보여주는 겉 까: 나는 소설에서 레오나르드가 얼굴을 붉혀 다는 묘사틀 단 한 번도 본 적이 없는데 . 곧 주먹 나갈 것처럼 싸늘한 얼굴이라는 엘리아 스의 이상한 서술은 2어도. 아니면 레오나르 드틀 동경하면 어떤 나날의 엘리아스에계는 그런 모습이 보이지 않앞면   걸까: 어느 쪽이 든 말이 되없다 . 중요한 건 정말 그는 매 순간 그답지 않아진다는 것이고  내계는 그답지 양 은 것이 그다운 일이없다. 그 특별한 친밀이 내심 즐겁고 반가유다. 레오나르드는 다시 한숨올 내쉬며 목올 쓸 없다. 머리가 좀 더 아래로 숙여진다 . 한참 뒤 그는 언제 그랫나는 듯 깔끔히 돌아온 혈색올 하고 다시 얼굴올 들어 단호하게 말햇다. '내 허락 밭고 들어가 "" 나는 한쪽 입꼬리 말아올리며 고개틀 저 엿다: '이미 볼 거 다 어 ' 1]-1-]"
MEMO/IMG_5362.PNG,3,"12:48 마법명가 차남으로 살아남는 법 (586) 레오나르드는 말문이 막히 틈올 타서 턱뼈 틀 손가락으로 이미지로 공유 다 근 나보다 다섯 살짜리 내가 더 낫기라 도 한가?""  '누가 더 낫다니, 그럴 리가: 년 친구로서 참 믿음직하고 의지 되는 사람이고  개능: . 개도 너지만   '나지만?"" 레오나르드가 장난기틀 머금고 차분히 물 없다. 나는 한쪽 입꼬리블 반사적으로 끌어올 리면서 침을 삼칙다. 그가 방글방글 웃으면서 나직이 승부수틀 던젠다. '네 조카 삼고 싶올 만큼 마음에 들없어?"" 기가 찬다. 기가 차서 나는 속에서 무언가 치슷는 것올 느껴다. 자기 다섯 살울 두고 이 처럼 의연하고 뻔뻔하게 어)나 문는 높이 잎 다니, 그런 생각에서 발한  호승심이리라: 나 논 시동올 걸듯 손올 팔걸이에 쳐다. 레오나 0 이전 6 / 24 48 :="
MEMO/kakaopage_20250702074851.jpg,3,[못 하켓어 ] 아니 이놈이? 마법명가 차남으로 살아남논 법 자연주의 마법명가 차남으로 살아남논 법 (358) 중 KAKAOPAGE
MEMO/kakaopage_20250711041050.jpg,3,딱히 친구름 루카라고 불러 기억올 씻어 주고 싶지는 않앉다. 레오나르드는 그런 식의 축악형 에 근 의미블 두고 있지 않앉다. 굳이 남의 발자 국에 손길올 남길 필요는 없없다. 마법명가 차남으로 살아남논 법 자연주의 마법명가 차남으로 살아남논 법 (577) 중 KAKAOPAGE
MEMO/kakaopage_20250630085109.jpg,3,66 '나는 바이에른에 널 초대활 수 있있년 것보다 도 내가 여기에 오게 되없다는 사실이 정말 기 뼈 마법명가 차남으로 살아남논 법 자연주의 마법명가 차남으로 살아남논 법 (270) 중 KAKAOPAGE
MEMO/IMG_2169.JPG,3,책 정보 리뷰 메모 최신 저장일순 작성하기 2026.02.03 연애나 우정이나 시작할 딴 양쪽의 마음이 필요하지만 끝날 때 한쪽의 마음만으로 가능하다는 것이 알긋다: 2026.02.03 대충 듣는 것과 진심으로 듣는 것은 가끔 비슷하게 보일 때가 있다
MEMO/kakaopage_20250710175751.jpg,3,머리에 꽃을 달고 나름 내려다보는 사람 넷의 얼굴이 한눈에 들어앉다 . 드디어 미처나- 마법명가 차남으로 살아남논 법 자연주의 마법명가 차남으로 살아남논 법 (571) 중 KAKAOPAGE
MEMO/kakaopage_20250708092155.jpg,3,"그는 레오나르드 비텔스바흐가 어떤 각오로 그 틀 다스려 왕는지 알고 어떤 삶올 걸어 왕는지 알앉다. 그런데 지금 그는; 그의 친구로 하여금 만대에 결친 불의틀 행하도록 만문 것이없다. 아니, 그의 친구가 그클 위해 만대에 걸쳐 불의 틀 저지름 것이라 선언한다. 마법명가 차남으로 살아남논 법 자연주의 마법명가 차남으로 살아남는 법 (531) 중 KAKAOPAGE"
MEMO/kakaopage_20250711073237.jpg,3,"소용 없어: 이건 구속에도 의미가 없거든 그게 나름 항상 무력하게 해 루카스 "" 마법명가 차남으로 살아남논 법 자연주의 마법명가 차남으로 살아남는 법 (585) 중 KAKAOPAGE"
MEMO/kakaopage_20250711060539.jpg,3,서로가 서로의 세계틀 깨부수고 있다. 그러니 나 또한 이제 와서 안다. 친애란 알던 자리에 남 논 것이 아니라 뒤엎는 일이다. 마법명가 차남으로 살아남논 법 자연주의 마법명가 차남으로 살아남논 법 (580) 중 KAKAOPAGE
MEMO/kakaopage_20250630072350.jpg,3,9) '바이에른에 온 걸 축하해. 마법명가 차남으로 살아남논 법 자연주의 마법명가 차남으로 살아남는 법 (265) 중 KAKAOPAGE
MEMO/kakaopage_20250702011603.jpg,3,"'엘리아스 나는 네 덕분에 지금까지 살아 있어 마지막 순간에 네 이야기틀 선택한 건 내 인생 최고로 잘한 일이없어 "" 마법명가 차남으로 살아남논 법 자연주의 마법명가 차남으로 살아남논 법 (339) 중 KAKAOPAGE"
MEMO/kakaopage_20250709015703.jpg,3,"'구인류라서 안 돼?"" ""아니 그래도 같은 인간끼리인데. 마음이 업는 99 데 미안하다고 받아 주면 안 된다는 거야  마법명가 차남으로 살아남논 법 자연주의 마법명가 차남으로 살아남논 법 (545) 중 KAKAOPAGE"
MEMO/kakaopage_20250712042141.jpg,3,"아; 그래. 아직 결혼 안 햇어? 환영이다, 이 대가 리에 피 덜 마른 자식들아. 마법명가 차남으로 살아남논 법 자연주의 마법명가 차남으로 살아남는 법 (599) 중 KAKAOPAGE"
MEMO/kakaopage_20250711055145.jpg,3,"""하나 쥐?"" 마법명가 차남으로 살아남논 법 자연주의 마법명가 차남으로 살아남는 법 (579) 중 KAKAOPAGE"
MEMO/kakaopage_20250702000914.jpg,3,우리논 죽고 다시 시작해야 할 것올 알면서도 앞올 향해 달려가는 수밖에 없없다. 아니 루카 스가 그러햇고 나는 지켜보는 것밖에 할 수 없 얹다. 그것이 나름 내내 무려하게 햇다. 마법명가 차남으로 살아남논 법 자연주의 마법명가 차남으로 살아남논 법 (335) 중 KAKAOPAGE
MEMO/kakaopage_20250708074957.jpg,3,내 곁에 계속 남아 쥐. 마법명가 차남으로 살아남논 법 자연주의 마법명가 차남으로 살아남는 법 (529) 중 KAKAOPAGE
MEMO/kakaopage_20250708075122.jpg,3,그가 후카스에게 안겨 주고 싶은 것은 그 자신 도 알기 어려울 만큼 막대하고 가치 있는 것인 데 그가 지금까지 이뤄 온 것은 심정에 비하면 크지도 가치 있지도 않게 느껴짐올 깨닫심다. 마법명가 차남으로 살아남논 법 자연주의 마법명가 차남으로 살아남논 법 (530) 중 KAKAOPAGE
MEMO/kakaopage_20250703021615.jpg,3,"'또 뭐?"" ""피 마시는 거 내가 도와줄게  ""아니!"" 마법명가 차남으로 살아남논 법 자연주의 마법명가 차남으로 살아남는 법 (378) 중 KAKAOPAGE"
MEMO/kakaopage_20250714190149.jpg,3,"허. 이화, 내 세계야 "" 그래도 나만의 특권이지. 안 그러나?"" 마법명가 차남으로 살아남논 법 자연주의 마법명가 차남으로 살아남는 법 (585) 중 KAKAOPAGE"
MEMO/kakaopage_20250711073237 (1).jpg,3,"소용 없어: 이건 구속에도 의미가 없거든 그게 나름 항상 무력하게 해 루카스 "" 마법명가 차남으로 살아남논 법 자연주의 마법명가 차남으로 살아남는 법 (585) 중 KAKAOPAGE"
MEMO/IMG_1501.PNG,3,2:12 보안 안 팀 _ day-colorcafeinjp 2월 23일 유채꽃 색 나노하 나이로 #ffec47 R:255 G:236 B:71 H:54 S:72 B:100 L*:91.71 a*:-3.95 b*:91.7 C:O%o M:7% Y:729 K:O%/o 특징과 색어 특징: 사람들에게 환희의 폭발울 일으키논 행동파 색말: 인도주의 불언행 로멘티스트 신상 패션집화도 X 피치핑크 원 사이즈 coupang 구광에서 구매 열기 구교 생일 새상 모든 권리 보유 0
MEMO/kakaopage_20250710041026.jpg,3,나는 미소로 고마움을 전해 대화틀 마무리하고 메클렌부르크의 구두 앞코틀 뒷굽으로 꽉 밟앗 다. 메클럽부르크가 아 - 하고 신경질적인 소리 틀 넘다. 마법명가 차남으로 살아남논 법 자연주의 마법명가 차남으로 살아남논 법 (554) 중 KAKAOPAGE
MEMO/kakaopage_20250702022633.jpg,3,"나는 고개록 돌려 교사진올 바라찾다. 오늘부터 자퇴하켓습니다 "" 마법명가 차남으로 살아남논 법 자연주의 마법명가 차남으로 살아남는 법 (342) 중 KAKAOPAGE"
MEMO/IMG_5363.JPG,3,"'소용   없어 이건 구속에도 의미가 없거 든. '그게 나름 항상 무력하게 해 , 루카스 "" 나는 깊게 가라앉은 목소리블 듣고 입을 다 물없다 . 레오나르드는 내 우려오는 다르게 지 곳한 얼굴로 말맞다. '그리고 안도하게 하지 "" 66 '내가 네 의지로 막울 수 없는 존재라는 게 너클 안도하게 해?"" 그래"
MEMO/kakaopage_20250708094531.jpg,3,"""당분간 세상 사람들이 우리v 가만 두지 양울 거야:"" 66 ( '나름' 이젯지 "" ""아니 우리릎. 네 고통은 내 고통과 다름이 없 어 )) 마법명가 차남으로 살아남논 법 자연주의 마법명가 차남으로 살아남는 법 (537) 중 KAKAOPAGE"
MEMO/kakaopage_20250628005230.jpg,3,"나의 각오에 나 스스로 보일 수 있는 최고의 예 의릎 갖추는 것, 나는 그 외에 아무것도 택하지 않계다. 마법명가 차남으로 살아남논 법 자연주의 마법명가 차남으로 살아남논 법 (205) 중 KAKAOPAGE"
MEMO/IMG_2168.JPG,3,"책 정보 리뷰 메모 최신 저장일순 작성하기 2026.01.03 ""만약 우리가 그 삶올 진짜라고 믿지 않빠다면 대체 삶에서 무 엇' 배율 수 잇단 말입니까?"" 2026.07.03 내가 이 타락올 향유하니 나름 어디로든 이끌라 그 또한 하나 의배움일 것이니: 2026.07.03 타락은 내가 너름 타락햇다고 규정하고 우리 전체로부터 배 제하려 햇을 때 시작되없다"
MEMO/kakaopage_20250622175954.jpg,3,"신인류는 사람 배에서 나는 게 아니라 마력올 이용해 만듣다. 원죄틀 없애고 신의 곁에 서기 위해서 최초의 마법사들이 벌인 미친 짓 중 하나다. 신인류는 신의 은충올 입어 스스로클 창조활 권 능올 부여받앗으니, 아담과 하외는 구인류의 조 상이지 신인류의 조상이 아니다. 이것이 귀족들 의 논리엿다. 신인류가 구인류름 깔보는 것은 원죄틀 가진 열 등한 자라는 생각 때문에도 그렇다: 마법명가 차남으로 살아남논 법 자연주의 마법명가 차남으로 살아남논 법 (138) 중 KAKAOPAGE"
MEMO/kakaopage_20250704081941.jpg,3,"멈석기 뭐 만들어 줄까 "" ""나 주먹도끼"" 마법명가 차남으로 살아남논 법 자연주의 마법명가 차남으로 살아남는 법 (454) 중 KAKAOPAGE"
SCHEDULE/IMG_2174.PNG,0,12:52 { 5G 63 applyform.qrcloakiconia.co.jp QRJu-2 #-k질 이메일 주소 daeun6si6@navercom 예정문 퍽업 2026/06/23 15.00 수하물 개수 2 QR코드트 직원에게 보여주세요. 맡기신 짐을 찾으시기 전 까지 이 화면올 보존 해 주시 기 바람니다. 짐을 받앗습니다
PLACE/IMG_2199.PNG,1,pink @prizmever 4일 캠빌멀리 하카타점 현지인들 웨이팅하길래 줄서서 들어간 곳 . 맛도 잇고 사진도 잘 나오는데 비싹. 파르페 하나에 2억 하지만 맛있없기 때문에 타래에 넣엇어요 t 4 16 Il 9628 [
PLACE/IMG_2198.PNG,1,"kuma @hxxn9_archive 2024 8 20. 후구오카 오덩바 추천 하춧유키 분위기 낭낭한 숙소 근처 오녕바집 좌석 수가 많이 없어서 예약함! 무와 치구와는 생각보다 별로엿지만 실곧약 존맛 오델 , 사귀 종류도 많아서 고민독. 칼피스 꼭 드세요 후기 참고 mblog naver comlhxxng31/223553 91 t 17 61 III 3.2만 kuma @hxxn9 archive 2024. 8. 20 Hatsuyuki Daimyo Store 4.4 (275) Izakaya restaurant google.com t 1 III 2.4만"
PLACE/IMG_2188.PNG,1,6:53 ~ @ 원페이지하우스 카페 5.0 후기 7 > 영업 중 21.00 까지 출발 도착 흙 메뉴 사진 후기 불로그 행령 AI 요약 푸릎한 마당과 한욕 감성의 조용하 카페 포르투갈에그타르트 추천 프라이빗롬 영업 중 21.00 까지 수정제안 https:llwwwinstagram comlIpage_house 부산 동래구 차발골로37번길 14 (우) 47706 불사 명문역 3번 출구 452m 도보 12분 연락처름 알려주세요 수정제안
PLACE/IMG_2201.PNG,1,부산맛집찾아 삼만리 @bus. 2021. 6. 24. 경주 금산재칼국수 트위터에서 센과 치히로 칼국수집으로 유명한 집이에 요 흥무공원에 주차하고 표지판 따라 걸어가면 동물 같은 길이 나외요 칼국수량 부추전 먹엇논데 맛은 평타 입니다. 가성비가 종고 분위기가 주는 즐거움이 컷어 요 경주 가시면 한 번좀 들러보시는 겉 추천드립니다 2 tI 224 216
PLACE/IMG_2200.PNG,1,"부산맛집찾아 삼만리 @bus. 2020. 8. 13. Archive Coffee 경주 항리단길에 짓는 카페! 4인 이상부터는 별채? 같 은 다른 방에서 따로 음료록 마실 수 있어서 좋앉어오 단, 가게 자리논 많지 않음-- 안이 온통 식물이라 너 무 예빛고. 기본으로 나오는 크래커(?)가 너무 특이하 고 맛있없음 #경주카페 #항리단길 1 t 60 70"
PLACE/IMG_2189.PNG,1,6:53 ? () 원페이지하우스 삼오에필빌리지 아파트 @험 한아름아파트 구본 부산광역시 해월 건강- '원센터 뼈 세진베스트 아파트 303화덕 GS 온전화신 진들빌라 곳프존파크 GS25 호텔미두나 6 목영해돌이 # 아파트 한국국토정보공사 목화 타이번 부산울산지역본부 온전교회 트레비양 아파트 스카이젠 온전프라자 오피스텔 @ 아파트 나경유넉스 빌라트 하나튼까스이) 코 동래센트럴파크 뼈 아파트 303화덕 동래점 이달리안 0문의 3.8 후기 49 > 불로그 132 839m 부산 동래구 차발골로 37 (온천동) 영업 중 21.00 까지 출발 도착 몇 물
PLACE/IMG_2176.PNG,1,11:25 승 @ 내 장소 X 영웅완구문구 문구 팬시용품 3km 부산광역시 연제구 연산동 712-1 형웅완구문구서적 팬시 - 운동구. 교재 . 잡화도매 무산광역시 연제구 중앙대로1076번길 34 (연산동) [영웅연구문구 어   성  연 TEL (051) 528-8880 FAX (051) 852-8876 H P 010-9610-5284 농   혈: 302-1375-0062-21 어성연 현대 모터스튜디오 마이클 어반판 테이블 양식 4.9km 부산광역시 수영구 망미동 475-1 현대 모터스: . 설터 카페 디저트 334km 강원특별자치도 속초시 청호동 1300 주도락 부산동래점 지도보기 432m 부산광역시 동 23 1층 https:llmplacenavercomlmy/5cb872cTcbc3eeb070147. 영웅안구문구'
PLACE/IMG_2175.PNG,1,"11:25 엘이즈N108 동래3차 SK부아파트 otJTJLTL N 네이버지도 검색 다고미 흉대심 아파트 지하철노선도 부산 햇플 9"" 음식점 2차아파트 부산식객 열린 아트홀 힘스테이트명률 로데마트 트라디움아파트 데백화점 명춘역 명춘동 행정복지센터 트 심플레이스 =택가 동래중학교 명춘동보 '하이즈_사아피 부 1L 칸토리우나렌 명휴아이파크 칸토리우나렌 덮밥 리뷰 480 영업 종료 11:30에 영업 시작 174m 부산 동래구 출발 도착 공유 알림발기 칸토리 렌등 칸토리 우나덤 KANTORI UNATEN JAPANESE EEL & TENDON 대;A-= ~ KANTSaI 장어덮밥과 우라들 +k논 5 5소*"
PLACE/IMG_2193.PNG,1,"6:57 세사 곤m다 근 신 이되시TTT 식당은 고냥 괜찮앗던 곳만 골라r어요 ! 91 t IIil 5.1만 kuma @hxxn9 archive 2026. 4 4. 여기 조금 성수에서 떨어진 긋이라 은근 사람 없어요 나름 한적한 곳 디저트는 안 먹어밖지만 분위기 넘 예쁨 오포 서울 성동구 독심로 408-7 3층 naver melGWWKyVOI kuma @hxxn9_archive 2026. 1. 17. 자연광이 예뿐 , , , ( * *1 아이스 인간이 또둑한 토피넷 라떼 머금 성수 오포 91 t 5 66 IIil 10만 kuma @hxxn9 archive 2026. 4 4. 위에 갖다가 싸쓰리 급창 드시면 뒷(바로 옆임) E 0 급창은 전 별로엿고 여기가 존맛입니다 도치미 세버 리편하 답글 게시하기 2   9   0 9"
PLACE/IMG_2187.PNG,1,6:52 5 @ 골프로스터스 가람한의원 온전초등학교 가람도서 @ @ 낫스소스 물 동래S 원 새마을금고 주양간제안 1차0 산저공원 화이트리에 BNK P 부산은행 GS25 306 영동치과의원 305 중 월남면반 307 뚜레주르 해) 동래점 석정갈비 308 자연드림 조개드 309 촌 우리은행 NH농현은행 5 칸 } 8 V/NI TT 골프로스터스 카페 6O9m 부산 동래구 중앙대로1367번길 76 (온천동) 출발 도착 무 별
PLACE/IMG_2186.PNG,1,6:52 5 @ 주변 맛집 LJ 102 플라랑스 101 @ GS25 영동치과의원 로카보 6 LG전자 2 베스트삼 우미정 CU MI 16 8 17 15 B7 18 B2 턱키아파트 14 희래등 중국요리 3.4 후기 54 > 불로그 133 413m 부산 동래구 중앙대로1367번길 36 1층 (온천동) 영업 중 21.00 까지 출발 도착 도TV 물 국가공 물 T5'
PLACE/Screenshot_20260707_224144_Maps.jpg,1,"무 3.9 (9개) 커피습/커피 전문점 {1O,OOO~20,000 영업 종료 수 오후 12.00에 영업 시작 경로 저장 공유 + 게시 'V' ' 개요 메뉴 리뷰 사진 업데이트 영업 종료 수 오후 12.00에 영업 시작 부산광역시 부산진구 동성로6번길 21-18 instagramcom 수정 제안하기"
PLACE/IMG_2192.PNG,1,"코멘터리 계정 헤이조지 리조또 맛집 , 근 0 쌓이 알정터인게 원지 바로 알아버림 양식인데도 생각보다 1나도 안 느끼하고 마짓없어요 양식 리뷰 8105 농림축산식품부 제공 안심식담 출발 도착 [3 공유 전화 알림받기 J33gu 봄 소식 메뉴 리뷰 사진 주변 정보 서울 마포구 동교로46길 42-24 1중 헤이조지 지도 거리뷰 91 t 113 149 III 9.5만 밥요정 @foodiefairy22 2026. 2. 21. 코멘터리 계정 해정집 여기 근0 좋은 점 개자극 메뉴-습습건강 메뉴 한 번 에 시길 수 잇음 누가 가도 좋아할만한 메뉴라 넘 조아요 출발 도착 예약 [ 공유 전화 무문 소식 메뉴 예약 리뷰 사진 구슨이 있어요 모두 5인이상 예약시 이북식스만두 구문 , 고기 Goioy 'Mea ulolu./"
PLACE/IMG_2179.PNG,1,"격 M 6:47 흙 그 륙 티크(tiq) 4.0 (3) 38분 카페 w1~10,000 영업 종료 목 오전 11.00에 영업 시작 경로 시작 통화 저장 3주 전 개요 메뉴 리뷰 사진 업데이트 정보 영업 종료 목 오전 11.00에 영업 시작 8주 전 다른 사용자가 업데이트함 부산광역시 부산진구 전포대로255번길 22 7 층 티크 instagram.com"
PLACE/IMG_2184.PNG,1,6:52 - 3.9 그라찌에 4.3 (82) 19분 이달리아 음식점 영업 중 오후 10:00에 영업 종료 경로 시작 통화 저장 Gmllcry 개요 메뉴 리뷰 사진 업데이트 정보 영업 중 오후 10:00에 영업 종료 부산광역시 동래구 온천동 중앙대로1367번길 56-6 051-557-5520 스저 제아하기 전문적? #사:# 11o5
PLACE/IMG_2190.PNG,1,6:54 ? () 오늘의 추천 메뉴 고흉픽교 전기차충전소 104 K 명춘. P 아파트 공영 102 101 체 요코 대끼리야 선 # 별관 1 태역 102 동래로데키술 장례식장 Il T 주화담 호프 요리주점 4.4 후기 30 > 불로그 178 433m 부산 동래구 명문로139번길 45 2층 (명춘통) 영업 중 02.00 까지 출발 도착
PLACE/IMG_2191.PNG,1,"6:55 5 @ 공담파스타 이달리안 3.7 후기 35 > 불로그 998 영업 중 21.00 까지 출발 도착 ralliedo 국 후 답 미스다 & 용,리? 57오 ' 88 4스6 예약 Ch+ 채널 흙 메뉴 사진 후기 예약 불로그 행령 매장 소식올 받아보세요 > 소식받기 AI 요약 매일 아침 뽑는 9기한 생면 파스타 화이트라구트러플 추천 단체석 콜키지 부과 유아의자 있음 영업 중 21.00 까지 수정제안"
PLACE/IMG_2185.PNG,1,6:52 ~ @) 주변 맛집 권 소원사 지장사 24 내성교회 태백관 박차정 동래고등학교 의사 생가 부설방송통신고등학 동래고등학교 군봉관 동대고등학 우전하사 태백관 중국요리 3.1 후기 103 > 불로그 392 1.3km 부산 동래구 충렬대로285번길 31 1층 (칠산동) v 영업 중 19:30 까지 출발 도착 6663 7.556-6663 캠 호 태 충렬대로 교포76요리 단스 유전문 태 배 관 556- 버미다 dot 야Gi T
PLACE/IMG_2181.PNG,1,6:50 {사적공원 여기서 검색 북장대 부산 급성지 소연정사 17 SJ철거 거길 동래복천동 고분군 야외전시관 복천박물관 4.3 숫* (579) 24분 고고학 박물관 허 영업 종료 목 오전 9:00에 영업 시작 경로 시작 통화 저장 틈 팩 복천로
PLACE/IMG_2195.PNG,1,kuma @hxxn9_archive 2026 4 4 여긴 혼밥도 건찮젯다 !! 저 근드근 0 새우버거 같이 다 다져놓은 건 안 좋아하 논데 여긴 새우살이 씹혀서 존맛 +비주얼 폭력적임 bd버거 성수역연무장길 점심저녁 서울 성동구 성수이로14길 7 2층 naver mel5ho7cV7b kuma @hxxn9 archive 2023. 6. 18. 열어분 진짜 여기 안먹어보면 손해붙니다 개맛있어요TT까새우 통통한거 보이시나요 ? 심지어 다져는데도 새우 식감 미처어요 이미 유명하지만 넘 맛있오. bd버거 성수점 t 12 59 IIil 8.8만
PLACE/IMG_2194.PNG,1,kuma @hxxn9 archive 2026. 4. 4 여기도 자주 갖어요 혼자가기 조음 ! 가끔 웨이팅 있당데 혼자갈 때는 기다린 적 업습 토스트 혼자 야무지게 먹고 올 kuma @hxxn9 archive 2025. 9. 9 코드사이드 (성수) 서울 성동구 아차산로13길 2 3F naver melxenV6aqk 용실이 성수라 끝나고 맨날 이 카페 갖음 시즈널 토스트 크림 맛있는데 과일 건디선 안 종으면 눈물남 (사유 너무 서서) Xcomlhxxng_archivel. tI 13 67 IIil 10만 kuma @hxxn9 archive 2026. 4. 4 인테리어 예쁘고 소녀들이 많아요 바나나 브월레 맛있지만 혼자 먹긴 좀 박차다 . 넘 달아서
PLACE/IMG_2180.PNG,1,6:50 - ; ( 부산해양자연사박물관 4.4 (887) B 30분 자연사 박물관 허 영업 종료 목 오전 9:00에 영업 시작 경로 시작 통화 저장 가모리 보적 개요 리뷰 사진 업데이트 정보 영업 종료 목 오전 9:00에 영업 시작 부산광역시 동래구 우장춘로 175 위치: 금강공원 busan.gokr 부산 해양자 연 :uSAN AAWL NALA IKn 면P생물
PLACE/IMG_2196.PNG,1,서울 삼겹살 TOP1O 미계린 불루리본 연예인 추천 현지인 후기 등 종합해서 엄 선 1. 금돼지식당 (약수) 미계린 밥구르망+정국 퍽! 본삼겹 솟불구이+바질쌍 조 합이 미처어요. 육즘 폭발! 2 육전식당 (신설동) 통심경살의 정석. 두통한 고기 직원 구이 서비스+육준 광! 된장찌개 필수 . 3. 산청숙불가튼 (올지로) 지리산 흑돼지 숲불. 소금구이8고추장구이 둘 다 강추 . 재료 맛 제대로! 4. 무쇠김치삼견 (명동) 손뚜경에 김치+삼겹살 구위먹논 중독성. 비범칼국수로 마무리 천국. 5. 돌고기506 (강남) 506시간 숙성 삼겹살. 프리미엄 육급+고소함_ 부위별 비교 먹방 추천.
PLACE/IMG_2182.PNG,1,4.4 모모스커피 5.0 운즈커피(5장 4.7 안포레스티지점 커피 테퍼센트커피 3.0 동래로데점 MGC커피 4.8 동래로데점 5.C 와섭커피 명문점 4.0 카페게더 4.5 4.5 어럿커피 명문점 다 4.0 2 4.0 브루커피동래점 하삼동커피 명문 천일스카이원점 4.6 칠드아웃커피 복천동 테퍼센트 4.5 커피 동래역점 5.0 고월커피 5.0 아이커피 테퍼센트커피 동래명문점 4.5 {+*+ (4) B 19분 카페 영업 중 오후 10:00에1 영업 종료 경로 시작 통화 저장 품
PLACE/Screenshot_20260707_224209_Maps.jpg,1,"Fukuoka Yakiniku 개요 메뉴 리뷰 사진 업데이트 예약하기 4 온라인 주문 후구오카에 저장색 메모 추가 곧 영업 종료 오후 11:00 수 오전 11:00에1 영업 시작 일본 7810-0041 Fukuoka Chuo Ward Daimyo 2 Chome-6-50 #G표X)j-주"")9주{ 2p3 7810-0041 #회교류#꿈 표t다다[X디   1층 Fukuoka Daimyo Garden kintanrestaurant +81 92-401-1729 수정 제안하기 메뉴 City"
PLACE/IMG_2183.PNG,1,"3.9 동조식당 6:51 만옥당 4.3 XXX (28) 18분 돈까스 전문식당 w1O,0OO~20,000 영업 중 오후 8.00에 영업 종료 경로 시작 통화 저장 개요 메뉴 리뷰 사진 업데이트 정보 영업 중 오후 8.00에 영업 종료 명춘동 672-18번지 동래구 부산광역시 KR 051-552-8494 수정 제안하기 우장춘로"
PLACE/IMG_2197.PNG,1,58그라운드 근처 성수 맛집 추천 밀스 모수 제자분이 하시는 가건데 빵이 진짜 맛있음 테네시 길러리 바로 근처 신상 카페? 말차 레책에이드 추천 키 베이커리 일본인 부부 분들이 운영하시는 메른빵 맛집 후주포인트 여기논 똑섭쪽으로 좀 나와야 하늘데 초당옥수수 뇨끼가 유명
MEMO/IMG_2213.JPG,3,"타9 { ; 인생의 변화, 인생의 매력, 인생의 아름다움, 그 모든 것은 빛과 그림자로 이루어저 있기 마련이야 세계문학전집 안나 카례니나 팀 레프 틀스토이"
MEMO/IMG_2207.JPG,3,MAR 용 15 인생이 살 가치가 있드나 없느나름 판단하는 것이야말로 철학의 근본 문제에 답하는 것이다. 세계문학전집 알베로 카뭐 땅 시지프 신화
MEMO/IMG_2206.JPG,3,"P중B타니위금거 친애하는 막스, 마지막 부탁이네. 내 유품에서 일기, 원고, 편지, 다른 사람이 가진 것, 내가 가진 것, 스레치 등 발견되는 것은 읽지 말고 남길없이 불태위 쥐. 디 에센설 프란츠 카프카 프란츠 카프카 팀 민음사 구S구놈 세계문학 일력"
MEMO/IMG_2212.JPG,3,"나니니거 도7 무슨 수름 씨서라도, 여행하고 반둥거리며 세계의 미래와 과거름 성찰하고 책올 읽고 공상에 잠기려 길거리틀 배회하고 사고의 낚스줄올 강 속에 깊이 담글 수 있기에 여러분 스스로 충분한 돈올 소유하게 되기 바람니다. 디 에센설 버지니아 울프 버지니아 울프 민음사 구9구f 세계문학 일력"
MEMO/IMG_2204.JPG,3,세계문학전집 당신은 언제나 내게 친절햇어요. 인형의 집 하지만 우리 집은 그저 놀이방에 핸리크 입신 지나지 않있어요. 나는 당신의 인형 아내워어요. Pt3 세계문학 일력
MEMO/IMG_2210.PNG,3,그나느거 껍 결국에는 자기가 원하던 것올 업는 것이 인생인지도 몰라. 쏟살문고 모든 열정이 다하고 비타 색빌웨스트 민음사 353등 세계문학 일력
MEMO/IMG_2211.JPG,3,"FEB 용 88 이 세상에서는 허튼소리들이 너무 많이 필요해 세상은 바로 이 허튼소리들올 발판으로 해서 서 잇고, 그것이 없다면 세상에는 아무 일도 일어나지 않을 거야 우리논 우리가 알고 잇는 것올 알 뿐이니까! 세계문학전집 표도르 도스토입스키 표 카라마조프가의 형제들"
MEMO/IMG_2205.JPG,3,16 반도덕주의자 양드레 지드 나는 이 용도 없는 자유 때문에 괴로위. 내 말을 믿어 쥐. 배부른소리 그럼 너름 묶고 가두튼가 17 아들과 연인 D H. 로렌스 그녀가 그의 삶에 자국을 내기 전에 그가 그녀의 삶 속으로 먼저 들어쨌다. 메모하기
MEMO/IMG_2215.JPG,3,FA러 - 6 종은 일이 일어나면 오래 지속되지 않더라도 소중히 여길 줄 알아야 돼. 영원한 것은 아무것도 없으니까. 세계문학전집 말테의 수기 라이너 마리아 킬레 민음사 구9구놈 세계문학 일력
MEMO/IMG_2229.PNG,3,7:20 라이프치히 leibzig 원핸 킬른 0
MEMO/IMG_2228.PNG,3,7:20 아이슬관드 (Ikr) 첫째날 마트 1112 0 크 주차비 1000 0 = 둘째날 마트 7230 0크 셋째날 주차비 1oool/o= 마트(지성오빠 기름값 8022 0크 마트 5487//0 = 기름값 40ool/0 국 기름값 8oool/0= 마트 7741/0 = 마트 2565//0 구 마트 10810 = 기름값 60000 크 통행료 19900 크 기름값 80000 크 기름값 20000 크 0
MEMO/IMG_2214.JPG,3,단9 { 8 나는 너름 위해 이 세상올 더 아름다운 곳으로 만들기 위해 열심히 노력할거야 세계문학전집 위대한 유산 팀 찰스 디권스
MEMO/IMG_2216.JPG,3,AA- 틈 유년 시절이 없다면 우리논 이 지상의 삶을 그렇게 사랑할 수 없올 것이다. 세계문학전집 플로스 강의 불방앗간 조지 엘리엇 민음사 구e구둑 세계문학 일력
MEMO/IMG_2202.JPG,3,7 ; { 사랑이관 부서지기 쉬운 거야 (. ) 하지만 어쩌면 부서진 파편은 다시 보관활 수 있지.
MEMO/IMG_2203.JPG,3,금 { 돈올 생각하지 않울 수 있는 유일하 방법은 돈올 아주 많이 갖는 젓이니까요 세계문학전집 환락의 집 팀 이디스 위튼
MEMO/IMG_2217.JPG,3,세계문학일력 - 틀 1 흘 19 우리논 모두 시궁창에 있지만 그중 누군가는 별올 바라보고 있다. 손살문고 오스카 와일드 오스카리아나 7
MEMO/IMG_1744.PNG,3,빠른걸음으로 걸울수밖에 없는건 저주같음 그냥검논사람들은 0 ^ 0 (아무생각없음) 인데 나만 혼자 아이씨발 월레느리게감 길막개저네 이러면서 [ 백터하고 xL 추월하려함
MEMO/IMG_2226.PNG,3,7:19 컴구 중간 1장 -power trend 부분. P-CVA2f 씨서 계산: 개선올 위해 Multicore 사용하게 되있다: 2장 Leaf procedure non-leaf procedure 설명하기 Non-leaf눈 Stack 사용하느거 쓰기 risc5 encoding summery 4개 필드 다 쓰기 3장 ~Optimized multiplier 그리기; 설명하기 Booth 알고리롬 원지 설명하기. 문제 해결하는 방법(modified booth) Floating point 하드웨어 그리기 4장 데이터패스 그리기 Single cycle로 할때-어디서 critical path인지? -> 1oad가 문제. 해결방법? Code scheduling 이용 0
MEMO/IMG_2232.PNG,3,"7:22 9 일본여행-오사카 공항에서 오사카시내 (난바)로: 난카이전철(빨)-공항급행타기 난바역에서는 나가서 길 찾는게 더 쉬움! 간사이쓰루패스? 난바-북쪽 구도심 내가 아는 도튼보리라 생각하면 팀 우메다-남쪽, 신도심? 백화점 많음 교통중심? 초타야서점 있음 나카자기초-우메다 근처, 카페투어추천 키타하마-우메다 강 건너 카페추천 나카노시마-강 주변 산책추천 먹울것-오코노미야키 구시카츠 0"
MEMO/IMG_2233.PNG,3,7:23 9 9월 식비 92-실러드 6900 음료 3500 10400원 9/5-한속 3500 커피 1500 5000원 9/7-파스타 5500 커피 1500 7000원 9/8-아이스크림 6300 6300원 9/9-마라탕 10010 10010원 9/12-카례 9500 9500원 9/13-커피 2000 토스트 3500 5500원 9/16-약속 24050 24050원 0
MEMO/IMG_2227.PNG,3,"7:20 가족여행 준비물 냉장고 안 음료수 집 열쇠 김치(아이스팩+수건) 플라스틱 통 충전기 위치 치약, 첫슬 사워타올 제모기 슬리퍼 화장품 틀 우산 양산 지퍼팩 비닐봉지 멀티어자터 손톱깎이 비상약 지갑 여권 남은 식량 0 ' 도자리"
MEMO/IMG_2219.JPG,3,JAN 용 89 나는 누구도 미위할 필요가 없습니다. 아무도 나에게 해틀 끼칠 수 없으니까요 또 누구에게도 아부할 필요가 없습니다. 그가 나에게 줄 것이 없기 때문이지요. 이렇게 하여 나는 스스로 인류의 다른 절반에 대해 아주 미세하나마 새로운 태도름 취하게 되/음올 알 게 되엇습니다. 세계문학전집 버지니아 울프 표 자기만의 방 3기니
MEMO/IMG_2231.PNG,3,7:22 9 독일 첫날 8시반 조식 10시반 회머광장 0
MEMO/IMG_2225.PNG,3,7:19 한국가서 먹울것 0 순두부찌개 햇도그 참쌀도너츠. 굉으로 생긴거 칼림면에 육회 타코야끼 김밥 낙급새 닭강정 설방 된장찌개 칼국수 낙새 닭갈비 한우 밀면 물회 만두 냉면 0
MEMO/IMG_2230.PNG,3,7:22 할것 O 리액트 독학 백엔드도 강의듬고 독학 0 바침독 알고리증? 유튜브 강의 0
MEMO/IMG_2218.JPG,3,"' 1 류 6 그때 나는 나 자신올 내말김으로씨 사랑할 수 있없으니, 마침내 나는 나 자신이 된 것이다. 왜냐하면 우리흘 우리 자신으로 돌아오게 해 주는 것은 사랑쁘이기 때문이다. 세계문학전집 알베로 카뭐 안과 겉 결혼 여름 7"
MEMO/IMG_2224.JPG,3,"어떤 추억이나 슬픔은, 우리가 알아차리지 못할 정도로 우리틀 그냥 내버려 두다가 때로는 다시 돌아와 오랫동안 우리 곁을 떠나지 안듣다. 터나 잃어버린 시간을:"" 게르망트 쪽 마르실 프루스트"
MEMO/IMG_2208.JPG,3,"rHA입H 97 귀논 모두에게, 입은 소수에계만 열고 모든 의견올 수용하되 판단은 보류해라. 세계문학전집 햄핏 월리업 세의스피어 민음사 구S구놈 세계문학 일력"
MEMO/IMG_2220.JPG,3,>JF구름서73 =근 운명은 늘 거기에 있있다. 세계문학전집 데미안 혜로만 혜세 민음사 구9구f 세계문학 일력
MEMO/IMG_2234.PNG,3,7:23 9 레시피 머행구키- 계란:설탕=1:7 돌체-에스 우유150~200 연유30 얼음? 0
MEMO/IMG_2235.PNG,3,7:24 9 삼각김밥 3500 과학관 2000 이태원 햄버거 동대문 정운력5000 나3000주사위 김밥 흉대 11200 피자 +30000 이마트 서울대 밥4000 책20000 아이스랑크 10000 목동 현대백화점 빵 타임 스웨어 돈가스 용산 자동차 아이스크림 과학2000+아이스랗크10000 3500+8000+11200=22200 0
MEMO/IMG_2221.JPG,3,"나니P= 77 마음이 텅 비어 잇는데, 어단가로 간다는 게 무슨 의미가 있켓는가. 세계문학전집 말레의 수기 라이너 마리아 킬레 민음사 구S구놈 세계문학 일력"
MEMO/IMG_2209.JPG,3,09:04( 954 세계문학일력 - 도극 f 1  그것이 삶이엿던가? 좋다! 그러면 다시 한 번! 세계문학전집 프리드리히 니체 차라투스트라는 이렇게 말햇다 7
MEMO/IMG_2223.JPG,3,"A스리스 -: 그러논 사이에 봄이 옷다. 애타게 기다리게 하거나 속이는 일 없이, 식물이나 동물이나 사람이나 모두 다 즐거워하는 보기 드물게 아름답고 다정한 붙이없다. 세계문학전집 안나 카례니나 레프 틀스토이 민음사 구S구f 세계문학 일력"
MEMO/IMG_2222.JPG,3,FEBRUARY 1 분명히 실패작이 돌 것이다: 사실 내가 손 모든 작품들은 하나같이다 실패작이다. 그렇지만 나는 내가 어떤 작품올 쓰고 싶어 하느지름 매우 잘 알고 있다. 책대담배 조지 오월 세계문학 일력
SCHEDULE/IMG_2824.PNG,0,"4:21 40 < = 예매확인취소 예매 취소 2026 NCT DREAM TOUR <THE DREAM SHO: 구MSYRERiaT양uf 예매번호 M269821773 표훈 예매일 2026년 1월 21일 rNL: 관람일 2026년 3월 29일 17시 공연장소 KSPO DOME 매수 1매 취소마감일시 2026년 3월 28일 10시 59분 까지 상태 예매완료(카카오페이) 2026 NCT DREAM TOUR <THE DREAM SHO: TNSYRe6물HgW4 , 예매번호 M264767210 콤훈도 예매일 2026년 1월 21일 FNLX 관광일 2026년 3월 28일 18시 공연장소 KSPO DOME 매수 1매 취소마감일시 2026년 3월 27일 16시 59분 까지 상태 예매완료(카카오페이) 2025 울산서머페스티벌 쇼 음악중심 예매번호 M256048099 훨숨적 예매일 2025년 7월 11일 떼 2-7 AUG 2025 관람일 2025년 8월 4일 19시 30분 하미다 ""i로 #n 폐기 ""  공연장소 울산종합운동장 보조경기장 매수 1매 취소마감일시 2025년 8월 2일 10시 59분 까지 상태 예매완로(입금완료)"
SCHEDULE/IMG_2215.PNG,0,10:34 97 3 리뷰 리뷰 작성 나의 리뷰 체험단 구매일자 2026.03.07 매장 4wps Gter ' 메이크프럽 세이프 미 클렌장밀크 기획 (+리필 AWos 2OOml+PDRN 클렌장밀크 21ml*2) 통릎 돕션 클렌장밀크 리필기획(+리필+PDRN밀크) 작성기간 2026.09.13까지 500P 지급 한달사용리뷰 작성 구매일자 2026.05.10 wo [NEW두유코어]등립트] 홍안 더 주시 래스팅 AVARDs 팀트 단품기획 (+미니 팀트 증정) 두유고어로 {이온 1등 된트 움션 24 베어 주시 오 작성기간 2026.09.13까지 500P 지급 한달사용리뷰 작성 피지 구매일자 2026.03.07 매장 ' 트러스 ' ' 모공 5 청소 [고밀도호소거품] 브랑그린 티트리 시카 덥클렌 UP 고매 징품 기획 (더불/대용량) 2oOmL 돕션 [더불] 클렌징품 12Omlx2입 대용량 작성기간 2026.09.13까지 500P 지급 한달사용리뷰 작성 peripera 구매일자 2026.04.22 매장 [스피디 통합상품] 폐리페라 스피디 스키니 브 로우 보로우 마스카라 (단광 더불기획) 돕션 [브로우 마스카라_단품] 4 애쉬브라운 작성기간 2026.09.13까지 Biom [ 물 {
SCHEDULE/IMG_2439.PNG,0,문자 메시지 RCS (토요일) 오후 9.04 안녕하세요. 모모후입니다. 내일 이나 화요일 오후 6시 이후 면접 가능 하신가 해서 연락 드립니다. 면접 가능한 요일과 시간 적어서 회신 주시면 감사합니다. 안녕하세요. 지원서 넣은 정치운 입니다. 지원서 읽어주서서 감사 합니다! 내일 오후 3시 30분 이후 가능합니다. 안녕하세요! 내일 6시에 이력서 지참 하서서 방문 가능하실까요?? 네 알컷습니다! 내일 6시에 뵙계습니다. 감사합니다. 읽음: 토요일 네! 내일 뵙깊습니다! 알 수 없는 발신자로부터 예상치 못한 메시지루 수신한 경우  스낌일 수 있습니다. 스낌 신고 문자 메시지 RCS Q
SCHEDULE/Screenshot_20260804_162143_Chrome.jpg,0,우유 2026. 07. 171705 종료팀 우유님-낙서 커미선 종료 혼 2026. 07. 09 00:55 종료팀 홍님-낙서 커미선 종료 다애 2026. 07. 18 19:57 종료팀 다애님-낙서2 커미선 종료 H 2026. 06. 22 0105 종료팀 H님_낙서 커미선 종료
SCHEDULE/IMG_2442.PNG,0,"문자 메시지 SMS 7월 24일 (금) 오후 3.15 [아이데 스터디카페 최저가 이번트] [Web발신] 아이민 명문점 여름 시즌 최대 할인율 혜택올 제공합니다! 1년에 2번볕인 20% 할인 혜택올 절대 놓치지 마세요] Event: [선청순 50명 이용권 20% 할인] 7월 31일(금) 까지 선청순으로 진행 <시간권> 선청순 25명 100시간권(16주): 140,000원 ~> 112,000원 200시간권(32주): 250,000원 > 200,000원 <기간권> 선청순 25명 4주권(28일): 150,000원 ~> 120,000원 8주권(56일): 270,000원 ~> 216,000원"
SCHEDULE/IMG_2440.PNG,0,(어제) 오후 3.48 안녕하세요 동래점 하이오 입니다: 지원하신 이력서 보고 연락드립니다. 면접 희망하시면 회신 바람니다. 네 안녕하세요. 알바 지원한 정차운 이라고 합니다. 이력서 읽어주서서 감사합니다. 면접 희망합니다. (어제) 오후 5:23 내일 3시 가능하실까요 ? 네 가능합니다. 내일 3시에 이력서 지참하고 매장으로 방문하면 훨까요? 네 시간 맞취 방문 해주세요 스시 네 감사합니다! 내일 뵙젯습니다 전승독
SCHEDULE/IMG_2441.PNG,0,[Web발신] 네이버MYBOX 08월02일00시 휴면예정 (전체파일식제|복구불가) 로그인하세요 ID: ni**...3
PLACE/IMG_2489.JPG,1,파인트리스템프 이달리아음식 리뷰 401 신선한 실러드와 오늘의 스프 조화 Al 요약 0 Pasta Pizza Seafood Nuruhgj Creas Pasta drd 9arl< pi 해문누증지크립가스다 어니므림기즈 Capperi Gorgpn2이1 카페리 I80 고드근굽라 ~두 VMQ  U디lrnvra s4 스=다 'w 하 (5+ J56 3식 <DA fuffalo Frza Shanghai Pasta 버표로 미자 상하이 파스타 Rucola Steak Rose 무궁라  미자 스테이크 170 (요주산 안심 I0Oa) 뼈m Salaml 살라미 미자 Shrinp Arabiata 쉬집프 아라비하다 Tu0'0 sa Risoi Vongole Risotto 봉공렉 리조또 비양 ''금해 #익]요 요주산안심 olip Yith shrimp Aglio 150 스집프알리오올리오 Rsotto 스테이크 외부 '메뉴판 리조포 GrPdl Pata Mushroor I5.0 버섯 보람 가스타 전화 길찾기 공유 서울 도봉구 방학로고7길 48 지도 내비게이선 거리뷰 영업 종료 11:30에1 영업 시작 Haney
PLACE/IMG_2502.PNG,1,"5.09 0 고 JS 14명이 보고 있어요! 부산 맛집 지도 태오 광안리 비교 담기 4.9 리뷰 238개 > 부산 광안리 양식 태오광안리만의 해석올 담은 유러피안비스트로와인바 A 더보기 광안역에서 599m 위치 점심 영업안함 저녁 1-5만원 오늘 (화) 1700 ~ 24:00 최대 6명 예약 예약금 0원 콜키지 콜키지 프리 월컴키즈존 흙 방문햇던 829가 또 가고싶어 해요 개장정보 예약하기 3,217 전화"
PLACE/IMG_2488.PNG,1,란도르 호텔 사포로 헤리티지 (Randor Hotel Sapporo Heritage)입니다 8만원대로 예약하석대요. 오른한지얼마 안되서 유령 호텔로 의심한 후기도 꽤많음 규국크터 또루둑 @Jamsaengoo 2026. 7. 22 수코님 영상보는데 여름 사포로 진짜 좋아보인다 숙소 개넓고 가성비 더 숫고 초여름인데 22도라니 여행통온다. (6월하순) 일본에서 이런 숙소가 오늘은 지금 초여름인데 22도입니다 오후 5:59 2026 7. 22 조회 74만회 9 t7 2845 7051 8245
PLACE/IMG_2501.PNG,1,"5.09 0   W 11명이 보고 있어요! 미센린 가이드 2026 우나주 비교 담기 4.7 리뷰 306개 > 부산 해운대 일식 30년 경력 일본 쉬프가 직접 선보이는 정통 히즈마부시 부산광역시 해운대구 중동 위치 점심 저녁 동일가 2-4만원 오늘 (화) 휴무일 최대 10명 예약 예약금 0원 자동결제 주차 단체 올 흙 장정보 최근 인기 급상승! 2달 평점 4.8점 돌파 Hlot 예약하기 3,141 전화"
PLACE/IMG_2500.PNG,1,5.09 0   W 12명이 보고 있어요! 신규입점 그늘집 전포 비교 담기 4.9 리뷰 80개 > 부산 전포사잇길 한식 청정 산지와 전국 농가의 제철 재료틀 이용해 숲으로 구 .. 더보기 전포여에서 248m 위치 점심 저녁 동일가 2-3만원 오늘 (화) 휴무일 최대 8명 예약 예약금 0원 월컴키즈존 단체 올 바 아기의 흙 장정보 최근 인기 급상승! 2달 평점 4.9점 돌파 그늘집 예약하기 646 전화
PLACE/IMG_2498.PNG,1,"5:08 E/초마/라/ 도 13명이 보고 있어요! 자주 찾는 맛집 마라도 일식당 비교 담기 4.5 리뷰 449개 > 부산 광안리 회 사시미 비치마/라]도 15시 이후 당일 예약은 전화 문의 부탁드 .. 더보기 부산광역시 수영구 민락동 위치 점심 영업안함 저녁 14만원 오늘 (화) 18.00 ~ 22.00 최대 16명 예약 예약금 0원 자동결제 틈 주차 콜키지 단처 흙 소식 메뉴 사진 634 리뷰 449 매장정보 예약하기 2,002 전화"
PLACE/IMG_2499.PNG,1,"5:08 0   W ,NO 13명이 보고 있어요! 일부스 바이 수블 비교 담기 4.8 리뷰 1,730개 > 부산 해운대 양식 해운대 해변열차 정거장과 데크로 이어저릿는 파노라마 더보기 부산광역시 해운대구 중동 위치 점심 3-5만원 저녁 5-10만원 오늘 (화) 11.00 ~ 22.00 최대 10명 예약 예약금 0원 주차 콜키지 월컴키즈존 장애인 흙 소식 메뉴 사진 3,275 리뷰 1,730 매장정보 소식 : 음료 주문 필수 매장입니다! (주류 커피 탄산 예약하기 1.0만 전화"
PLACE/IMG_2494.PNG,1,"5.07 0  고 27명이 보고 있어요! 자주 찾는 맛집 부산 맛집 지도 투표로 함께 골라요 X 이타쇼 비교 담기 4.8 리뷰 1,052개 > 부산 광안리 이자카야 특별한 날이 아난 특별한 사람울 위해 , 소중한 하루록 준 .. 더보기 2 금련산역에서 581m 위치 점심 영업안함 저녁 2-5만원 오늘 (화) 1700 ~ 새벽 01:00 최대 8명 예약 예약금 0원 자동결제 주차 콜키지 노키즈존 흙 틈 메뉴 사진 2,627 리뷰 1052 매장정보 맛은 물론 분위기까지 만족도 상위 10% 예약하기 1.1만 전화"
PLACE/IMG_2495.PNG,1,"5.07 고기형 국내 최저가 위스키 정육왕 고기형 비교 담기 4.8 리뷰 465개 > 부산 광안동 소고기구이 품질로 타협하지 안는 육식 제일주의 소고기 맛집 수영역에서 158m 위치 점심 영업안함 저녁 2-6만원 오늘 (화) 1700 ~ 새벽 01:00 최대 8명 예약 예약금 0원 주차 콜키지 대관 흙 방문햇던 759가 또 가고싶어 해요 매장정보 Hlot 예약하기 2,583 전화"
PLACE/IMG_2483.PNG,1,이날 호지차 방수 먹고 한눈에 반해서 호지차 방수 맛집 타래클 만들어보것음. 여름이 가기 전에 하나씩 도장깨기 해보켓습니다 < < 1 망원 티노마드 일본분이 운영하시는 카페. 예약제 + 가격대가 있긴 하지 만 분위기가 너무너무 마음에 들어서 바로 예약 갈거버림
PLACE/IMG_2497.PNG,1,"5:08 0 고 Asador 11명이 보고 있어요! 아사도 Asador 비교 담기 4.7 리뷰 800개 > 부산 해운대 양식 숲으로 그려내는 우드파이어 구렇과 프렌치 테크나올 접 . 더보기 2 해운대역에서 6O9m 위치 점심 저녁 동일가 2-5만원 오늘 (화) 12.00 ~ 22.00 최대 10명 예약 예약금 0원 틈 주차 콜키지 월컴키즈존 흙 소식 메뉴 사진 1840 리뷰 800 매장정보 최근 인기 급상승! 2달 평점 4.7점 돌파 레터림 서비스 안내 예약하기 5,880 전화"
PLACE/IMG_2496.PNG,1,5:08 0 고 6명이 보고 있어요 소요 전포본점 비교 담기 4.9 리뷰 29개 > 부산 전포 요리주점 가져운 스물디쉬부터   치미창가 마라탕 크림새우 유린기 더보기 2 전포여에서 252m 위치 점심 영업안함 저녁 1-3만원 오늘 (화) 휴무일 최대 12명 예약 자동결제 콜키지 단체 올 바 대관 대기공히 흙 메뉴 사진 46 리뷰 29 매장정보 예약 예약하기 373 전화
PLACE/IMG_2482.PNG,1,중량 울라리급창 영지소녀의 맛집 너무 유명해서 오히려 기대 덜하고자논데 진짜 개 개 개 개 맛있없음 급창 부들야들하고 당면 통통하고 치즈도 조은치즈 데리야끼 막창도 하나도 안질기고 양파가 달아  재방문의사 너무 있어요   #낭깨
PLACE/IMG_2486.PNG,1,4:53 Q 맛집 스 터 인기 최근 사용자 동영상 사진 서울 개성주악 맛집 추천 5집 아 이런 디저트 너무 반짝거려서 먹기 너무 아깝다 1.한과와락 위치: 서울특별시 강남구 봉은사로4길 31-5 2. 주악 주악 (jjuak jjuak) 위치: 서울특별시 종로구 울곡로10길 77 3 밀과방 위치: 서울특별시 중구 남대문로 29-2 1층 4. 연리희재 위치: 서울특별시 강남구 압구정로 343 컬러리아백화 점 명품관 WEST B1층 5.신라당 의선 위치: 서울특별시 종로구 돈화문로겨]다길 40 (종로3가 역 4번 출구 한욕거리 안쪽) 0근 'R'' ' ' ; ' 불무리본서베이2025 Q
PLACE/IMG_2492.PNG,1,"5.04 게시 부산맛집찾아 삼만리 Xcom @busan_eat 다음 부산 광안리 맛집 다음 ! 여기논 국수 비범밥, 수제비 칼 국수 파는 곳! 차돌박이 비범국수가 시그니처 메뉴. 모든 메뉴 무난하게 맛있음. 가게능 깔끔하고 사람들 많은 편! 수제비 국물이 아주 진국임 ~~ 면도 행글t글함 ! #부산맛집 #광안맛집 #광안리맛집 오후 10.30 2020 7. 5 t7 224 151 92"
PLACE/IMG_2493.PNG,1,"5.07 [흙) DLlwyw 96명이 보고 보고이오점 있어요 줄서기예약 용가회전위쥐 부산서면점 전화 4.7 리뷰 1,185개 > 부산 서면 중식 8월 7일 방문 중국 칭다오에서 시작된 회전식 사브사브 전문점 2 전포여에서 388m 위치 평일 점심 (~15.00) 19,900원 영업 중 24:00 영업 마감 대기공간 월컴키즈존 장애인 편의시설 무선인터넷 아기의자 저자되 매좌이에9 메I 최근 인기 급상승! 2달 평점 4.7점 돌파 웨이팅하기 5,195 전화 ;M,"
PLACE/IMG_2487.PNG,1,4:53 Q 맛집 스 터 인기 최근 사용자 동영상 사진 코멘터리 계정 서울 과일 타르트 맛집 추천 5집 1 파티스리 데시데 주소: 서울특별시 종로구 사간동 41 2 줄리에뜨 주소: 서울특별시 서초구 반포동 (서래마을 카페거리 인 근) 3.오쁘-베로 주소: 서울특별시 종로구 자하문로 47-1 흑백요리사 '백수저' 박준우 쉬프 4 데코아발림 주소: 서울특별시 마포구 독막로15길 13-6 5 모날이네 하우스 주소: 서울특별시 마포구 성미산로26길 9 101호 4d *  uiette Volaaovid
PLACE/IMG_2491.PNG,1,5.03 게시 하유 X.com @hayuhaiyu 얘들아 부산 오면 꼭 여기틀 가쥐_ 반편 서면전포점 전에도 얘기햇지만 가지름 싫어하는 나도 먹은 가지튀김 이 근어이야 꼭 먹어쥐야 돼 진짜 존맛임 그리고 나는 마파두부랑 밥 먹엇논데 이것도 근0 미친놈 임 진짜 밥이 숙속 들어가 나 순식햇자너
PLACE/IMG_2485.PNG,1,"서울 에그 타르트 맛집 추천 5집 1. 메이타왕 에그타르트 성수 본점 위치: 서울 성동구 연무장길 43-1 1층 2 통인스웨 위치: 서울 종로구 통인동 73 3 에그마카수 남대문점 위치: 서울 중구 남대문시장4길 38 1층 4.오베로감프 위치: 서울 강동구 성내로14길 48 1층 5.나따오비까 신사점 위치: 서울 강남구 압구정로2길 37 Sc""il Wang 1y9 CI C WC: leila lart"
PLACE/IMG_2484.PNG,1,"뿌이 9 @i_ppu42938 5일 일정오플로어 연남동 돌크레이프 맛집 아주 화려한 비주억의 돌레이크와 수건테이크 동카령 전문! 얇은 크레이프 피와 크림과 과일이 한가득이라 먹으면 너무 행복해지논 맛 여름이라 심머후르츠 , 복숨아, 메론 망고 등 라인업도 화려하고 무화과도 이제 시작하신듯 함! 수건테이크도 유명한데 여름맞이 양프간루 & 옥수수 수 건국이크도 너무 궁금해 15 t 282 423 III 4.9만"
PLACE/IMG_2490.PNG,1,엔 팔로우 @yennycando 요즘 부산 여행 많이 하시는 것 같아 달아보는 부산 맛집 타래 O 1. 남천동 플렌터 파스타 맛집 ! 해산물 파스타가 아주 맛있어요 저논 스프 틀 안 먹어서 모르지만 친구들은 단호박 스프도 엄청 맛있 다고 하더라구요 가게 내부 분위기도 좋아서 추천 ! 광안 보다 금련산역에서 더 가까워요 오후 6:08 2022 6. 29.
MEMO/IMG_2211.PNG,3,"10:27 ? 954 모든 게시물 5,461 476 1.2만 foodedition 일요일은 내가 요리사! 5분 생생우동 마제소바 생생우동으로 야매 마제소바 만들어 먹없어요 [생생마제소바 레시피] 1. 생생우동올 레시피대로 물&액상스프&후레이크 넣고 전자렌지 2분 30초 돌려주세요 2. 참치 , 마요네즈 김가루, 계란노튼자 , 후점스프(고추가루) 넣고 비려주세요. (저논 집에 잇는걸로 햇지만 , 다진고기&대파로 변경하면 진짜 마제 소바맛 날거같아요) 3. 면에 소스가 자연스럽게 스튜들수 잇게 1-2분정도 여유롭게 비 벼주세요. 이렇게 먹으면 밖에서 마제소바 안사먹어도 대!! 일요일은 내가 요리사 도전~!!@@ 제일 맛있는 푸드 레시피 조합 알고싶다면? 푸드에디선 (_foodedition 팔로우 해두세요 :) #생생우동 #마제소바 #편의점조합 #점메추 #푸드에디선 6월 28일 oneroom_daram 팔로우 oneroom_daram 오리지널 오디오"
MEMO/IMG_2214.PNG,3,"10:28 1 승 964 모든 게시물 2,899 454 3,927 haram 집 나간 입맛도 바로 돌아오는 우삼견 오이 비범밥 날 풀리고 벌써 5번은 만들어 먹은 것 같아요. 우삼견에 참소스 조합  맛있는 거 다들 아시조? 여기에 꼬들고들한 오이까지 더하니까 단잔 새공하니 입맛이 싹 도는데.. 이 조합은 특히 오이가 저럼한 여름엔 꼭 드서야해요 * 영상 속 파머스록 청양고추 규브는 @_haram_ 하단 림크에서 구매하실 수 있습니다 우상견 오이 비방밥 (7인분) 1. 오이 기2개, 양파 기4개틀 얇게 채 썰어주세요. > 오이는 집게 머리 부분올 사용해서 씨틀 제거하면 물기가 적게 생겨요 2 양파는 찬물에 담가 매운맛을 빼고 오이는 소금 7t틀 넣어 5분 간 절인 뒤 물기름 꼭 짜주세요. 3. 팬에 우삼겹 (또는 대패 삼견) 120g올 구워주세요. 구울 때 후추 약간 추가해주세요 4. 간장 IT, 식초 IT, 알출로스 IT 청양고추 0.5T틀 섞어 소스틀 준비합니다. 5. 현미밥 150g 위에 우삼견, 물기 제거한 양파와 오이름 올리고 만들어문 소스 통깨 약간, 참기름 0.5T~1T 뿌리면 완성! 소스는 절반 먼저 넣고 취향에 따라 추가해주세요 고기논 가위로 한입 크기로 자르면 먹기 편해요 @_ha.ram #다이어트요리 #오이비임밥 #간단요리 #집밥 #레시피 5월 5일 sinnaerin_chef 팔로우 ;; 5 + O기거너 O5I"
MEMO/IMG_2463.PNG,3,"11:09 승@ 자취생으로 남기 2/6 꾸덕라-터스텅 아이스 시그니처 라떼 (4000원) 다크 1산 추가 (+500원) 렌크림 추가 (+500원) ?48 총가격 5,000원 34 597 tenpercent.coffee 1만 one_home_life 팔로우 shushubobo coffee time 그냥 마서도 맛있는 커피틀 더 맛있게 즐기논 방법, 바로 커스템입니다: 이번에는 테퍼센트 커피에서 해볼 대글 추가.."
MEMO/IMG_2470.PNG,3,추가 유료프로그램은 제가 6인 가족들 두개씩 다 예약해 취서 거의 모든 프로그램 체험해빛논데 딸라소컵술이 부모님 만족도가 절 높앗고 두피테라피도 인기 많앗네요. 산소챔버는 고입산소라 궁금햇논데 비행기 타는 것 처럼 귀가 좀 아파다고. 캠술에 들어가는 식이 많아서 폐쇄 공포증 있으면 못 할 듯 (할인가로 두피테라피 26300원 산소챔버 등은 39600원 딸라소컵술은 59400원 선) 충청도 태안 해양치유센터 입니다 밥은 완도센터가 더 맛있다는 썰이 있음. 가족끼리 물놀이 하고 여유잇게 보내기 좋아요 더 유명해지기 전에 추천쓰
MEMO/IMG_2467.PNG,3,"기본프로그램+숙박 포함인데 가족형 객식에 머물럿고 생긴지 얼마 안되어 모든 가구가 깨끗 신식이고 스타일 러도 있음 사이트에서 호수름 본인이 정해서 예약할 수 잇는데 가 격 평일 30, 주말 35만원 선 (4인 기준 최대 한 방에 6 인) 체크인은 15시 욕상에 인피니티풀도 오선뷰로 호텔 수영장 느낌올 날 수 잇고 선베드 이용도 무료 장점: 아직 사람들이 많이 모름 . 올해 말까지 할인 이번 트중 (평일 409 주말 309) , 래쉬가드-수모 무료 대 여 (성인만) 가족들 데리고 여행가면 코스홀 자녀들이 짜야해서 힘든 데 여기논 프로그램이 많아서 내부 프로그램만으로 하루 커 버 가능. 단점: 차 없으면 가기 어려움 근처에 맛집이 적음 내부에 자체 편의점이 있긴한데 비싸고 종류가 적어서 집근처 편의점에서 라면 음료 등 사오는 것 추천 선청순 프로그램들올 키오스크로 예약해야 해서 고렇자 가 직접하기 난이도가 높음 (아들들이 사사삭 해야 최 대 효율 가능)"
MEMO/IMG_2468.PNG,3,"기본은 2부제 운영 , 오전 회차는 9~13시 오후 회차는 14~18시 꿀립은 1박 스테이 예약, 오전 기본 프로그램만+내부 부 떼 점심+ 15시 체크인+오후 전문프로그램 선택으로 하 루릎 배치하면 되는데 오전 8시 15분좀 도착해 로비 데스크 번호표 뿐고 기본 프로그램하는 시간에는 따로 유로프로그램 예약 노 노 할게 많아서 기본 프로그램+3증만 다녀와도 4시간 시 간이 꽉 참 8시 30분에 입장하면 1층 안으로 들어외서 옷갈아입지 말고 바데풀 옆에 키오스크 빠빠로 고고 (30분 이상 늦으 면 선착순이라 다 못함) 기본프로그램 중에 예약 필요한 것들 시간 순으로 옷 안젖는 것 먼저 ~> 옷 젖는 것 나중 순으로 예약하시 면 베스트 한번에 2명만 가능한 것도 있어서 여러명이 오여다면 대 학 시간표 수강신청하는 느낌으로 엄마 아빠 할머니 키 대신 들고와서 본인이 사사삭 해주면 팀. (락커 키가 잎 어야 키오스크로 예약 가능)"
MEMO/IMG_2469.PNG,3,"피트 원적외선 피트 괜질, 피트 비쉬스크럽 플로팅 순 으로 예약하시면 good (요가; 아구아로백은 단체 수업인데 선택. 편백롭이나 점질방 , 염지하수 바데풀 , 크나이프테라피(냉온탕) 등 은 예약 안 해도 이용가능) 개인적으로 기본 중에는 플로랑이 재딪없어요 물 위에서 기구 차고 둥둥 떠다니면서 잘 수 있음 2층 전문프로그램 존에서도 텔렉스톱(세라짐 안마의자) 이랑 GX룹 (인바디 키 스트레스 지수 축정 발바닥 균형  관 절 가동범위 테스트 등)은 무료로 이용 가능 3층 인피니티풀 오선뷰가 좋은데 바람이 엄청 불어서 오 래는 못 있어요"
MEMO/IMG_2447.JPG,3,"밥녹이 냉라면 레시피 라면스프 1, 식초 2근술 설탕 2근술, 간장 1근술 미원 1고집, 물 8Oml 넣고 잘 섞어 전자렌지에 30 초씩 끊어서 1분 30초 돌려준 후 얼음 한가득 넣고 차갑게 식혀서 준비해주세요. 그럼이제다된거임 면올 5분정도 푹 삶아주고 찬물로 씻어서 그릇 에 담고 (기)올 부어주세요. 참기름 0.5근술과 김가루 1근술올 넣어주세요 (쨌임이나 쪽파 무슨 등등 있음넣고 없음말고) 만약 짜면 물올 좀 더 넣고 입맛에 맞취 간을 해 서 드시면 덥니다:"
WISHLIST/IMG_2561.PNG,2,"5:43 Al 5 / 5 Ir교때 잔스포츠 0 8.6만 가방 > 백뼈 (잔스포츠) 올 어라운드 팩 26L GROUNDED GREY NEW 무신사단독 129,000원 59 122,500원 구중받기 074,160원 나의 할인가0 무신스 무신사 단독 판매 상품이에요 자세히 구매하기 8"
WISHLIST/IMG_2549.PNG,2,"5:39 mIIOA리MOI ' ooo """"일리 150 ""H 5 ' ' ISD ' ' '  매모' 대  NIIOHENTO: w1Ooo ' 10096 천연필프 계산 바고 뽑아쓰는 ' 키친타월 ' ' 150매 ' IoU고 8 GESTBONN E ' OEVADE 플라운가격 천원의 행복 k 시I 지금까지 879,073개 가 팔렉어요 1,OOO원 4.9 (9,999+) 리방 뽑아쓰는 키친타월 150매입 품번 1026654 Beta 택배배송 매장픽업 오늘배송 대량주문 평균 3일 이내 8/12(수) nlo 너기 8/19(수) 구매하기 9,999+ 593 ' '"
WISHLIST/IMG_2548.PNG,2,"5:38 N 0 ON: Uhe BODY e0 Body Mist 불팅피치향 바디 미스트 뿌리기만해도 9oc #오도 ;각 궁립호리 150 mL 7 시I 지금 31명 이 장바구니에 담앉어요 5,0Oo원 NEW 4.4 (9) 온더바디 콜림피치 바디미스트 150 ml 품번 1083809 미 온더바디 > 음션 바디미스트 구매하기 614 5 eXTREMEC coOLIN6"
WISHLIST/IMG_2560.PNG,2,"5:42 B 분티 U T0 TO TIMES TIMES SWig SWi9 5pm 틀 5pm H-l (['["" 5ML Lf9fLUL [AUI [) PA위IIIM JMI It9fLU mDNUgIVHISIII) [IOADNUSIVHISINI)S Al 1/4 SW1g FpM-PAMIE 에스더블유나인터 0 5.8만 분티 > 프레그런스 > 향수 (에스더불유나인린) SW19 5pm PERFUME HAND CREAM DUO $ ET 무부떼 구44000원 150 122,400원 쿠중반기 Q오 210위 나의 할이가 구매하기 13 JOURNE ( JOURNEY ' { {"
WISHLIST/IMG_2562.PNG,2,"5:43 EKL Al 7 1/8 주 7일 언제나 당일발송, 전상품 무료배송 냉 무배당발 > 9_OMACID 슬로우애시드 0 단독 12만 상의 반소매 티서스 (슬로우애시드) PHOTODUMP 반팔 티서스 [밀란지 그레이] 클리어런스 위크 무신사단독 4.9 호기 127개 AI Al 요약 보기 그레이 스카이 늘루 불택 타임세일 종료까지 8일 7.5천 MYIIIME ANYWHERE"
WISHLIST/IMG_2563.PNG,2,"5:43 J Al 1/7 TYPESEAUICE 타입서비스 0 단독 12만 상의 > 반소매 티서스 (타입서비스) New Me Ruched Top [White] 클리어런스 위크 무신사단독 4.9 후기 50개 AI Al 요약 보기 Gray White 구론적용가0 6gOeo원 42,840원 구돈 더 시lLnL녀 TLnu 사표oMlo 구매하기 4.7천 90I F2'""'^"
WISHLIST/IMG_2567.PNG,2,"5:44 Al 1/7 주 7일 언제나 당일발송, 전상품 무료배송 m 무배당발 YOuHeS 유희 0 단독 15만 상의 > 민소매 티서스 (유희) LACE LETTERING SLEEVELESS_WHITE 클리어런스 위크 무신사단독 4.6 호기 12개 AI AI 요약 보기 WHITE CHARCOAL 오늘 22시까지 결제 시 내일(수) 도착보장 구돈적용가0 39,900원 51% 19,560원 구중받기 '9,380원 나의 할인가 0 구매하기 2.4천"
WISHLIST/IMG_2566.PNG,2,"5:44 JSi 1/ 10 Irosi Iroa 이로시 이로아 0 단독 3천 가방 > 에코백 (이로시 이로아) IR Classic Big Bag (Brown) 무신사단독 4.7 호기 15개 AI Al 요약 보기 'SI Osi Iro Mint Brown Magenta Gray Lemon Blue Laver 구돈적용가0 6T0ee원 20% 48,800원 구중받기 5 8,320원 나(@ 153명이 보고 있어요 구매하기 4.7천 Iiosi Irosi I"
WISHLIST/IMG_2558.PNG,2,"5:41 N Al 7 1/6 6 -6 루나키후 0 단독 7.5만 바지 > 데님 팬즈 (루나키후) WXPO7O 도또우타 아플리레 레이스 데남편츠 (BL UE) 클리어런스 위크 무신사단독 4.6 호기 5개 BLACK BLUE 구돈적용가0 99,06e원 6 44,550원 구돈' 기I 52명이 보고 있어요 구매하기 524"
WISHLIST/IMG_2564.PNG,2,"5.43 키스 브랜드 첫 구매라면? ~3만원 최대 3만원 할인 구돈 받으세요 PocHACCO Al 1/8 TAWRTUE 토안토 0 3.6만 신발 > 샌들슬리퍼 > 조리플립플탑 (토안토) 택 포차코 세트 클리어런스 위크 스폐설 4.8 호기 37개 AI Al 요약 보기 구품적용가0 79,000원 37% 49,770원 구중받기 ',290원 나의 할인가0 사서J 겨C TL I히 구매하기 3.1천"
WISHLIST/IMG_2565.PNG,2,"5:44 U Al 1/15 SOME 셈플레이스 0 단독 8.7만 바지 > 코튼 팬즈 (씹플레이스) 베이직 스법 버튼 투웨이 부미컷 와이드 스트랑 반딩 팬즈 _5COLOR 클리어런스 위크 무신사단독 4.6 후기 36개 AI Al 요약 보기 구돈적용가0 54000원 % 28,800원 구돈"" ' 무신사 단독 판매 상품이에요 ~~하이 1시 느L 부 구매하기 3.4천"
WISHLIST/IMG_2559.PNG,2,"5:42 1/3 Wick 위0 4.9만 모자 > 캠 야구모자 (위) That matter 위싱 볼걀-라이트베이지 플리어런스 위크 4.6 호기 1,543개 AI Al 요약 보기 품절 품 연필크 불택 라이트베이지 화이트 연필크 불택 라이트 최저가 도전 0 2700e원 51% 10,240원 구중받기 10명이 보고 있어요 8,900원 나의 구매하기 2만 Thinss Thno Thnos 2"
WISHLIST/IMG_2516.PNG,2,"5:25 [7 A로 바로입기 2 ] 내일 오는 도착보장 구경하기 데일리주 127만 심머-만장판매MADE] 티나 코튼 반딩 미디 스커트 - 4 color 29,500원 최대 590원 받기 나의 예상 구매가 109 26,550원 무료배송 터6 구매하기 964 선물하기"
WISHLIST/IMG_2517.PNG,2,"5:26 AVA- 도너다드 A B LY AWARDS ACDEEP BLEMISH PAD ; 573 자) KII 57 V J 내일 오는 도착보장 구경하기 B 분티 묶이트리 15.2만 오늘출발 ~23시 주문 시 분티 폐스타 ABLY 단독 꿈돌이 패드레이스 증정 AC 덥 흔적 진정 잡티때드 80매 토너때드 대용량패드 데일리 저자극 수분 열감 흔적 콜림 % 구굵적용가 24,000원 41% 13,950원 공요최대 310운 무료배송 터6 구매하기 2.9만 선물하기 OEVREE OAMING ' 구ao신음Ie  .'; '"
WISHLIST/IMG_2503.PNG,2,"5.17 통 흐 오 쇼 1/4 당근폐이가능합니당 41.69C 충청북도 청주시 서원구 매너온도 판도라 모멘츠 하트 플라습 브레이슬횟 (하트 팔찌) 판매합니다! 100,0oo원 Opay 여성잡화 15시간 전 편하게 집으로 배송받을 수 있는 바로구매 물품이에요. 바로구 매 이용올 위해 업을 업데이트 해주세요. 자세히 보기 판도라 하트참 실버 팔찌 판매합니다! 무신사에서 구매햇 고 제품명 594594C00 (사이즈 17) 입니다. 박스 보증서 모두 포함된 완전 세제품입니다!! 편하게 연 각주세요 사이즈 17 관심 11 조회 123 의 게시글 신고하기 두콩님올 위한 새 상품 광고 안녕하세요. 궁금해서 문의드려요. 보내기 틀 6  군 용 틀"
WISHLIST/IMG_2515.PNG,2,"5:25 U lperny ' 시A로 바로입기 ' 내일 오는 도착보장 구경하기 B 브랜드 슈퍼레이티브 4.2만 SLOW SPIN LOGO 반팔 티서스 (SBS2-5SP159) % 구존적용가 29900원 339 19,760원 최대 416원 받기 나의 예상 구매가 33% 19,760원 무료배송 터6 구매하기 5.6천 선물하기"
WISHLIST/IMG_2529.PNG,2,"5:28 NEW N태 NIB PORMIm NIS POmm) only the best only the best CRISPY CRISPY CHOCO CHOCO 시 IP CUP NIs Wisdo Dark Chocolate and Cereal Caklot Gdlop Dnn Bljitin Net 1 | 3 달라잇가든 > 남스 크리스피 초코컵 6Og 2종 중 선택 (코코크런치 씨리얼) 원산지 상품설명 또는 구매정보 폐이지 참조 4,900원~ 0 (109당 817원) BEST 4.8 리부 34건 74?먹이 보7 이어9 일시품절 재입고 알림 받기 CEREAL 'CRUNCH | coco NIMS MINI Grer WelohiVBrofGo"
WISHLIST/IMG_2528.PNG,2,"5:28 LOREAL PARis 올영 LOREAL PICK LO갈AL hs PARis OTAL OTAL 5+ NEW EPAR 5+ CARE CARE LOREAL MIRACLE MIRACLE 'TREATMENT 대용량 'TREATMENT COMPLEX COMPLEX PROTEIN] OTAL PROTEIN] HAIR AIR 5+ 85Oml HAR CARE MIRACLL 'TKEATHEM CO TT Tfo Coim 4OOml + 4OOml+5Oml 국민헤어관대용량기획? 로레일 > [가성비 천만설러 산뜻한헤어팩] 로레알파리 토달 리페어 5+ 데미지켜어 트리트면트 단품기획(8월 올영픽) 구1500원 구중받기 229 8,900원~ 0 (1OOml당 5,235원) O느T 리 DrcT 오늘드림 또는 퍽업으로 받아보시켓어요? 장바구니 바로구매 선물 PA REPAIR DAMAGE DAMAGE INSTANT INSTANT [S3C4RING WITH IERAMIDE CARING WITH 3RAMIDE- DAMAGED DAMAGE {DAMAGEDE ""SANT VSA; ososto"
WISHLIST/IMG_2514.PNG,2,"5:25 57 Y J essential by 내일 오는 도착보장 구경하기 매니크 52만 도착보장 여름2만장판매Essential] 비에브 스트라이프 스랜다드 티서스 (긴소매반소매) % 구돈적용가 23,000원 28% 16,560원 최대 368원 받기 무료배송 터6 구매하기 1만 선물하기"
WISHLIST/IMG_2538.PNG,2,"5:31 N OLIVE YOUNG 흙 오특 행령 세일 기획전 시픽 이번트 전체 클렌징 메이크업 스o웨어 바디켜어 tantan SuMMNG 2025 ouveYoUNO AWARDS TREND 5안 {데ntan tontan IDEAL ONLY e 온리트영 단큼기픽 USOh 농치면 LASTPICK e7 Usle 레고트 루프 팀불러 멀 단단 절리 더불컷 다이 [여드름피부적합] 아이 티 6OOml 주토피아. 어트 모음전 (오리지... 디얼포맨 시카 올인... 45,000원 22900원 26,0004 509 22,500원~ 569 9,940원~ 659 8,900원 BEST 오늘드림 mlfy rorngnd OLIVE YOUNG '망그러진 곰 VEGAN ONLY 올리브명 UEAUT 단독기획 기뻐켜드 인침 NIW #리 저지핏 증정 (I터다st) muyuesiio 홍안 더 주시 래스팅 팀 한스 무드인핸서 위터 [망곰 콜라보] 레고트 트 단품기획 6colors 리""드 글로우 루프 팀불러 멀티. 13,000원 49,00e원 420004 509 6,440원~ 519 9,310원~ 509 20,740원~ BEST 상품 더 보기 올영라이브 입장까지 00:28.58 남있어요 = 88 유 홍 카테고리 발견 올영매장 좋아요 마이"
WISHLIST/IMG_2510.PNG,2,"5:24 N IEBs MILE 0 RWEST r7 A로 바로입기 VJ n:L-1 AI기 내일 오는 도착보장 구경하기 온디드 33.1만 오늘출발 ~15시 주문 시 [통수] 나브 괜턱 투웨이 나일론 카고통 와이드 조거 팬즈 26,900원 37% 16,900원 최대 338원 받기 ~ 무료배송 터6 구매하기 5.4만 선물하기"
WISHLIST/IMG_2504.PNG,2,"5319 JXNDA Prism Whlie TamagOtchiUoi t창 -,35그= BAN GBANOAI DAI MAOE IN CHINA OIA고77 E3 Rir')aro<T*<te0 리칠 42.59C 전북특별자치도 군산시 매너온도 미개봉) 반다이 다마고치 유니 프리증 화이트 170,000원 Opay 취미 게임음반 22분 전 편하게 집으로 배송받올 수 있는 바로구매 물품이에요. 바로구 매 이용올 위해 업을 업데이트 해주세요. 자세히 보기 다마고치 유니 프리증 화이트입니다 미개봉 집앞거래 환불안되니다: 조회 4 의 게시글 신고하기 혹시 이 상품 찾으시나요? 광고 안녕하세요. 궁금해서 문의드려요. 보내기"
WISHLIST/IMG_2505.PNG,2,"S9N(a COC RS 5319 그번 소내 식러지어리움 ) 1/2 말생쟁이 47.4oC 경기도 파주시 매너온도 년템도스위치집 30,000원 Opay 취미게임음반 꼴올 4일 전 편하게 집으로 배송받올 수 짓는 바로구매 물품이에요. 바로구 매 이용올 위해 업을 업데이트 해주세요. 자세히 보기 1 슈퍼마리오 RPG 25.0(판매완료) 2. 마리오 래비드 굉더배들 35.0 3. 포켓든 실드 400(판매완료) 4. 포컷든 토너면트 DX(일본판) 40.0 5. 귀칼 히노카미 혈풍당1 35.0 6. 스플랜문2 20.0 7 스플랜튼3 40.0(판매완료) 8. 굉피트 어드벤처 (림포함) . 45.5 9 소님 컬러즈 엘티핏 25.0 우체국택배 착불 4000원 n기 미 roopol 듯L이 안녕하세요. 궁금해서 문의드려요. 보내기 Ringrir Snlioon AAdventure"
WISHLIST/IMG_2511.PNG,2,"5:25 57 A로 바로입기 V 내일 오는 도착보장 구경하기 B 브랜드 어반드레스 86.4만 오늘출발 ~10시 주문 시 노아 CN 트럭 팬즈_7Colors % 구품적용가 78,00e원 37% 49,140원 공유하기 나의 예상 구매가 37% 49,140원 상품 할인 즉시 할인 109 7800원 구돈 최대 할인 (브랜뉴페스타 양클] 30% 구돈 받기 -21,0 포인트 ABLY 첫 결제 폐이백 -1,24 지금 등록하고 폐이백 혜택받기 도착보장 지금 주문하면 내일 8/12(수) 출발 무료배송 터6 구매하기 656 선물하기 Pay"
WISHLIST/IMG_2539.PNG,2,"5:31 N OLIVE YOUNG 흙 오즘 행령 세일 기획전 시픽 이번트 농치면 끝! 마지막 기회 전체 클렌장 메이크업 스o웨어 바디켜어 THEFACE SHOP BCT FinFroilmFromlihron 미갑수 피부자극 레스트안표 coaaa 'iatt 일시품절 (1기"" lar ;1주t ' 광채 GLOMBIcK 개선 ' 100 91353 뻔용세안 99.996 모공세정 [꿀광보습] 아임프롬 [스a웨어롬글렌제수 더페이스산 미감수 브 팩플렌저 2종 택7 ( 분광채] 디어도어 비 라이트 클렌징픔.. 24,0004 49,900원 10,000원 60% 9,520원~ 50% 9,850원 509 4,980원 오늘드림 오늘드림 여드름 기능성 N A버PLE:N 일시품절 액플엔 아크네사 품 클 렌저 15Oml 12900원 509 6,430원 올영라이브 입장까지 00:28.57 남있어요 = 88 유 홍 카테고리 발견 올영매장 좋아요 마이"
WISHLIST/IMG_2507.PNG,2,"5:23 [7 시A로 바로입기 V 내일 오는 도착보장 구경하기 B 브랜드 놈브레 160 [일부움션 예약발송] 시그니처 자수 배색 크룹 면 티서스 [불택] % 구존적용가 45,800원 589 18,810원 공유하기 나의 예산 구매가 589 18 요00위 무료배송 터6 구매하기 2천 선물하기"
WISHLIST/IMG_2513.PNG,2,"5:25 [7 A로 바로입기 Va 내일 오는 도착보장 구경하기 B 브랜드 더불유브이프로제트 2.7만 [더불유브이프로적트] 컬러블록 반팔티서스 오트밀 MJST7788 40,000원 259 29,800원 최대 596원 받; 나의 예산 구매가 250 29 요00위 무료배송 터6 구매하기 1.7천 선물하기"
WISHLIST/IMG_2512.PNG,2,"5:25 r7 시A로 바로입기 VJ 내일 오는 도착보장 구경하기 아이달리마켓 13.7만 반티지체크 *오버핏* 체크 반팔 서스남방(3col) 와플서스남방 22900원 109 20,610원 최대 412원 받기 나의 예산 구매가 180 18 550위 무료배송 터6 구매하기 6.4천 선물하기"
WISHLIST/IMG_2506.PNG,2,"5:23 내일 오는 도착보장 구경하기 이버라림 4.3만 품절임박 [러불리속치마O] 모리걸 레이스 자수 프길 배딩 통스커트 23,000원 109 20,500원 공유하기 나의 예상 구매가 15% 19,500원 상품 할인 즉시 할인 109 -2,500원 구돈 최대 할인 [이버라림] 마켓 점 할인 구돈 받기 -1000원 할인 구깥받기 배송정보 마켓 직접 무료 배송 (못데택배) 도착보장 5,825명이 이 상품올 구매하는 중이에요 무료배송 터6 구매하기 1.6만 선물하기"
WISHLIST/IMG_2523.PNG,2,"5:27 기 NEW 올리브영 단독컬러 NEW 컬러 caramel Glaze SoT요C3A-LZEO 리 SWaI CLAZE 딸기연유 1 1 6 gml/oe7floz ONLY 올영 얼터너티브스테레오 > [NEW딸기연유립/단독선런칭] 얼터너티브스테레오 립 포선 카라델 글레이즈 8ml i9,000원 109 17,100원~ 오늘드림 BEST 증정 4.8 리뷰 32,059건 오늘드림 또는 퍽업으로 받아보시켓어요? 장바구니 바로구매 선물 ` avw"
WISHLIST/IMG_2537.PNG,2,"5:30 1 | 6 덜리 > 누사인 강력자석 택배박스 언박싱 커터칼 7000원 209 5,600원~ 0 4.9 리뷰 34건 + 12명이 보고 있어요 장바구니 바로구매 선물 { { GuSIG정"
WISHLIST/IMG_2536.PNG,2,"5:30 OLIVE YOUNG 망그러진 곰 1 | 6 OYURANG 망그러진 곰 > 망그러진곰 인형키림 5종 (아기천사 프루티스위츠) i7000원 49% 8,570원~ 0 오늘드림 BEST 4.9 리뷰 5,818건 18명이 보고 있어요 오늘드림 또는 퍽업으로 받아보시켓어요? 장바구니 바로구매 선물"
WISHLIST/IMG_2522.PNG,2,"5:27 N 승 C PICK SuBVIVRL BEAUTY oVEYOUNS NEW 초경량 모공커버 여름 구선 리필증 8/7-8/16 씨고. 가 바닐라코 > [8월올영픽초경량커버] 바닐라코 얼티핏 화이트 구선 에어 기획(본품+리필) 38,000원 269 28,120원~ 0 오늘드림 증정 4.8 리뷰 1,536건 509명이 보고 있어요 오늘드림 또는 퍽업으로 받아보시켓어요? 장바구니 바로구매 선물 C BANILA 1;/ | <11 /"
WISHLIST/IMG_2534.PNG,2,"5:30 2025 OLIVE YOUNG AWARDS TREND Lifestyle *',CIVFiourtrtmacmma ONLY 올리브영 단독기획 EEGoDI LLNs LL GODT POP CORN 1 | 5 Disney OLIVE BETTER 올영의 NEW 월니스 플렉품 > 레고트 > 레고트 루프 팀불러 멀티 6OOml 주토피아2 콜라보 어위즈 한정기획 (+팀꾸 스티커) 45,000원 509 22,500원~ 0 BEST 장바구니 바로구매 선물 030273 02077]  틀 8 움 P ' C'"
WISHLIST/IMG_2520.PNG,2,"5:27 N 열감 # 진정 3인 집중 SOS 강의진정 브림그리 싱그터가 3일 집중 SOS 강디진정 너키 그기 수분 상크테가 3인 집중 SOS 강의진정 브팅그린 진정토너 징크테카 FaalNCJ 트러블 세럼  BRINGGREEN FL 02 ' 누적리뷰 개수1등 대용량5OOm +세럽3m { 1 | 4 <트러블""은돌고돌아브림그린 << 트러늘 은돌고돌아트팅그런 << 트러블은돌고돌아 브림그린 브랑그린 > [수부지토너]브림그린 티트리 시카 수딩 토너 (5OOmll25Oml) 27,000원 309 18,900원~ 0 (1Oml당 378원) 오늘드림 BEST 4.8 리부 38,905건 166명이 보고 있어요 오늘드림 또는 퍽업으로 받아보시켓어요? 장바구니 바로구매 선물 ,7BRINGGREEN TEA TREE 또 SOOTHING TONER S.TEA TREE CEATELLA COMPLEX (ASIATICA (EXTRACt 250ML 8.45"
WISHLIST/IMG_2508.PNG,2,"5:24 N [7 VI 내일 오는 도착보장 구경하기 슬로우애드 173.5만 도착보장 최저가 도전 100만장돌파y여름휴가록] 마켓 와이드 트레이넣슬렉스 '+취베이직콩ver) 4 size (SLOWMADEI자체제작/ 사이즈세분화 억대급편함 사계절) % 구돈적용가 43,000원 31% 29,610원 공유하기 무료배송 터6 구매하기 3.5만 선물하기"
WISHLIST/IMG_2509.PNG,2,"5:24 N DNI r7 V 내일 오는 도착보장 구경하기 고고심 171.9만 도착보장 최저가 도전 [21만장 후기쪽발] 허리조절 투스트컵 와이드 팬스 +6컬러 (비조버클 MADE) 49,800원 349 32,800원 최대 656원 받기 ;ni?"
WISHLIST/IMG_2521.PNG,2,"5:27 N 승 0 wakemake 인보라 PICK GuNVE5 Pu 100301 안랑다 밀학력 만족도 995. PoUDER Room SVrVUY 무다 303이안학다 커버력 만족도 wakemake 975x POUDER Room SURVEY 더 20070] 인굉신 피부 표현 만족도 9756 무더워에도예별 피부표현 'PRGBfR #완성형금심 색상비교 웨이크메이크 > [완성형 구선3만원 이상 구매시 리""드 불러서 증정]웨이크메이크 스린 퍼폐팅 커버 구선 리필 기획 36,000원 구데받기 259 26,800원~ 0 증정 구돈 장바구니 바로구매 선물"
WISHLIST/IMG_2535.PNG,2,"5:30 OLIVE YOUNG X DaxGrWV TM 알로 > [포켓든 에디선] 알로 2PORT 고속중전기 + 자동 길 테이블 2종 (피카취 잠만보) 29900원 289 21,310원~ 0 오특 BEST 4.8 리뷰 381건 40명이 보고 있어요 장바구니 바로구매 선물 commnand 8"
WISHLIST/IMG_2519.PNG,2,"5:26 C 스u2 올 MEDIHEAL AIDE OLIVE YOUNG 3DRN AWARDS MEDIHEAL )NATE $ WINNER @핑오 마스크팩 yUiaisumet  M_'j urtrucitnr S MEDIHEAL 8 C-리 요 : 99969in 2024 옷 OLIVE YOUNG 흔적 AWARDS 93%= 명 1Oyrs "" 마스크팩 연속 수상 ' 흔적 Hergrsun' Hmi#A4 기e w8 '장업되 SuBVIVRL BEAUTY 15년 연술 고? 마스크팩 메디합 > [15년 연속 1위] 메디합 에센설 마스크팩 10/10+7매 기획 7종 골라담기 20,000원 구데받기 509 10,000원~ 0 (1매당 909원) 오늘드림 BEST 증정 구돈 4.9 리뷰 470,719건 1,068명이 보고 있어요 오늘드림 또는 퍽업으로 받아보시켓어요? 장바구니 바로구매 선물 G 스oour 19N3 U""SArUw MEDIHEAL 마데카소사이드 GFI 1어 켜어 장벽 순기경다 TEAT 노도33K33드 MADECASSOSIDE 마디카소사이드 'GIFT 1041 주가운정 CUjdATGd"
WISHLIST/IMG_2531.PNG,2,"5:29 올영 235 270 265 DICK oouLe CHEESE UA6tu ChWS SMOXE GA*8ECUE 6AGLL CMIS TRUFECUPEPPCRBACCU C 더날시스H이근심 스도크럽 벼구 티디크집 드리y어더 '버이금집 2+1 e) V3We 2 220 245 240 250 ^PPUC &SSO' CSCO""W 508989 CHoCo CiAVO` 6ACUL CaUs"" $ouP6A6E5 댐 COAN Sou3UAGEL CMV: 너이 오스스스트 -이름집 소보로 베이글집 n5U05 280 Co 245 275 270 MOYEY MUS;A30 6AG60 CHIS GAALIC !uuice 6A6CL C HOYEY BU""ER BAGEL C REALoZZABAGELCW 9 갇리버터 너이금집 '허니머터 논 C크집 귀오다자 너이군진 허니머스타드 테이글집 Gus로70 aIAOV Uslyiy 1 | 5 OLIVE BETTER 올영의 NEW 월니스 플렉품 > 달라이트 프로적트 > [8월올영픽]달라이트 프로적트 베이글침 택1 원산지 상품설명 또는 구매정보 폐이지 참조 2700원 109 2,430원~ 오늘드림 BEST 2+1 오늘드림 또는 퍽업으로 받아보시켓어요? 장바구니 바로구매 선물"
WISHLIST/IMG_2525.PNG,2,"5:28 NEW 라인출시 NATURAL GLOW GLAZEDSYRUP GRAPE I5ML O5IFLOZ GLOSSY & ENHANCING SERUM-TINTED NAIL CARE VEGAN FORMULA ohora 1 | 9 오호라 > [NEWI글레이즈드 라인 줄시] 오호라 시럽 네일강화제 15ml 18colors 48,000원 109 16,200원~ 0 BEST 4.6 리뷰 3,392건 + 395명이 보고 있어요 결제혜택 올리브영 SOL통장 가입 즉시 1만원 장바구니 바로구매 선물"
WISHLIST/IMG_2524.PNG,2,"5:27 장원영 PICK DASHING DIVA magic press NoGIENCCDUD OEs'GN 여름 신상 32 '4147 35 1 | 8 데싱디바 > [NEW장원영픽] 데싱디바 매직프레스 디자인 네일페디 35종 구4800원 19% 11,970원~ 0 오늘드림 BEST 오늘드림 또는 퍽업으로 받아보시켓어요? 장바구니 바로구매 선물 PAIEMIED"
WISHLIST/IMG_2530.PNG,2,"5:29 175 185 16O 1 | 5 OLIVE BETTER 올영의 NEW 월니스 플렉품 > 달라이트 프로적트 > [8월올영픽]달라이트 프로적트 단백질-이크 모음전 (-개입/-개입통) 원산지 상품설명 또는 구매정보 폐이지 참조 3900원 7% 3,600원~ i 오늘드림 BEST 1+1 4.8 리뷰 149,830건 249명이 보고 있어요 오늘드림 또는 퍽업으로 받아보시켓어요? 장바구니 바로구매 선물"
WISHLIST/IMG_2518.PNG,2,"5:26 ' ' ""위로 생심도 C미지일니다 내일 오는 도착보장 구경하기 B 분티 흘리오 219.1만 오늘출발 ~13시 주문 시 분티 폐스타 ['NEW 베이비코숫] 프로 아이 팔레트 에어 [증정] 브러쉬 or 글탤립트미니(랜덤) Tea % 구품적용가 34000원 409 20,370원 최대 582원 받기 무료배송 터6 구매하기 9.9만 선물하기 MEOW: @"
WISHLIST/IMG_2526.PNG,2,"5:28 8/11(화) 오늘의 특가 1 | 6 스튜디오17 [NEWISNS입소문템]5분옥스파] 스튜디오77 소프트 스크럽 사위 글로부 2종 택7 i9,000원 구온받기 349 12,400원~ 0 오특 오늘드림 BEST 증정 4.6 리뷰 157건 559명이 보고 있어요 오늘드림 또는 퍽업으로 받아보시켓어요? 장바구니 바로구매 선물"
WISHLIST/IMG_2532.PNG,2,"5:29 Saag 완국 D8 충치 구취 예방 치과 약국 판매 인체적용 시험완료 한선화 PICK 1등보색 가루치약 *2026년 5월 21일 . 6월 8일 . 6월 22일 구강키어 [카. 리랑4 '위= OLIVE BETTER 올영의 NEW 월니스 플렉품 > 푸리분 > [SNS대란렉올영최초런칭] 퓨리분 퍼풀 가루 보색치약 40g 24,800원 0 (109당 6,200원) 오늘드림 또는 퍽업으로 받아보시켓어요? 장바구니 바로구매 선물 허가 식약처 . ORAL ToOTHPASTE CARE (OARMACYsuPPL "" ""PRODUCT ourn CUNICALLy TESTED"
WISHLIST/IMG_2533.PNG,2,"5:29 올영 PICK Dongkook 밀라-셋 기미 토님 스파 패치 MELA-SET Toning Spot Patch 붙이는 기미 기미 및 색소 침작 완화 패치 감쪽 패치 [Dongkook| MELA-SET 고민 부위 밀칙 패치 넓은 부위 & 국소 부위 얇은 옛지로 편안한 사용감 나이야신 @시간 떨리-셋기미 토님 스맛 패치 집중 음수 MELA-SET Toning Spot Patch 구스 ;위 2113031 기미 및 색소 침작 원화 [디 '주름가 신2중 가능생 확망품 | 바e 무어 sriw Dimim 'F리ie MELA-SET i2mm * 15m 자플교제인전대언자 도주의하 주식a사 불n길 m 하a Ook MELA-SE WWMcdkshop-com 8.1T화) 단'하루] 에센스 IOm 스레설오류 증정 OLIVE BETTER 올영의 NEW 월니스 플렉품 > 동국제약 > [하루특가기미색소때치] 동국제약 멀라-셋 기미 토님 스파 패치 기획 (+에센스 IOm) 46,900원 쿠중받기 11% 14,900원 i 오특 오늘드림 증정 구돈 오늘드림 또는 퍽업으로 받아보시켓어요? 장바구니 바로구매 선물 Tui"
WISHLIST/IMG_2527.PNG,2,"5:28 hetras. 올영 PICK Periuine 2개입 'Eiminatot T S ' mSill 33 1 | 5 > 해트라스 > [단독선런칭/8월 올영픽] 해트라스 고체달취제 300g 2개입 5종 18,800원 구중받기 29 18,400원~ 0 (1OOml당 3,067원) O느T 리 DrcT 오늘드림 또는 퍽업으로 받아보시켓어요? 장바구니 바로구매 선물 Premum Ooori KK. RA"
WISHLIST/IMG_2540.PNG,2,"5:31 N OLIVE YOUNG 흙 오즘 행령 세일 기획전 시픽 이번트 신세 슬거히 메이그/ 스신끼어 마니끼어 mlfy rorgnd VEGAN VEGAN BEAUTY FEAUT WeVegan 기뻐켜드 인침 _ NIW #리 저지핏 증정 (I터다st) 대c - - 가거니다 홍안 더 주시 래스팅 팀 한스 무드인핸서 위터 어무즈 파우더 벌넷 팀 트 단품기획 6colors 리""드 글로우 트 3.3g 기획 13,000원 49,00e원 19,000원 50% 6,440원~ 51% 9,310원~ 60% 7,600원~ 오늘드림 mfy romgnd) NEW 불러피럽 크레용 (S워다55; [NEW] 틈안 미피 불 [흘리어런스] 뭐 포켓 에크델 논 씩선 글로이 러피 립 크레용 아이팔레트 6.6g.. 팀트 5g 9colors 13,000원 24000원 20,0004 509 6,440원~ 50% 11,910원 609 7,920원~ 오늘드림 상품 더 보기 올영라이브 입장까지 00:28.42 남있어요 = 88 유 홍 카테고리 발견 올영매장 좋아요 마이"
WISHLIST/IMG_2554.PNG,2,"5:40 8 V AI 최근 한달 78명 이 구매햇어요 1,OOo원 4.8 (168) 투명 OPP 테이프 25mmX2Om 2P 품번 49937 Beta 택배배송 매장픽업 오늘배송 대량주문 평균 3일 이내 8/12(수) 8/19(수) 이용불가 도착예정 퍽업가능 도착예정 'rn Ir거 7 lILO 4I기 I 내거 구매하기 149 9 팀"
WISHLIST/IMG_2568.PNG,2,"5:44 캠스 9 Al 추천 비슷한 상품 2 / 7 7Iu 훨라 0 18만 신발 > 스니커즈 > 패션스니커즈화 (훨라) 에사페 MS(FS2610D03X040032) 4.9 후기 41개 AI Al 요약 보기 109,oo0원 0,460원 27명이 보고 있어요 구매하기 4.7천 푹 푹"
WISHLIST/IMG_2569.PNG,2,5:45 J Al 1 / 17 주 7일 언제나 당일발송 전상품 무료배송 m 무배당발 푸마 0 13만 2026년 3월 3일 급상승 전체 여성 1위 > 아우터 > 트레이딩 재짓 (푸마) 푸마 X 무신사 T7 트럭 자켓 초홀컷 브라운 / 638 015-13 클리어런스 위크 무신사에디선 무신사단독 후기 31개 AI AlI 요약 보기 구매하기 3천
WISHLIST/IMG_2555.PNG,2,"5:40 IWOO 0T0 개인정보 지우개 놀라운가켓 챔확인 SNS 화번 7 k AI 지금까지 155,031개 가 팔로어요 1,OOO원 4.8 (9,999+) 개인 정보 지우개 10 ml 라쁘더 향 품번 1047239 음션 개인 정보 지우개 10 ml 라번더 향 Beta 택배배송 오늘배송 대량주문 평균 3일 이내 8/19(수) 이용불가 도착예정 도착예정 구매하기 9,999+ 980 'g810"
WISHLIST/IMG_2541.PNG,2,"5:31 N OLIVE YOUNG 흙 오특 행령 세일 기획전 시픽 이번트 농치면 끝! 마지막 기회 클렌징 메이크업 스a켜어 바디켜어 헤어에어 피부 2025 OLIVCVOUN5 톤업 AWARDS Torl GLoUTEELD Solnon PDRH Uuovio UtsMocuran 잡티 Icon 개선 ONLY 울리브영 단독기린 Vita JuUUDCrUUIO: [한정기획/고함량 [잡티미백에어] 성분에 [속광화잘먹세럽] 디 PDRN] 성분에디터 디터 머륙포도 비타 . 피 소이규브 액소리.. 29,000원 28,000원 36,000원 50% 14,490원 509 13,860원 509 17,890원 SKIN 8 LAB Slow 보습 Aging 진정 광채 EXCELLENT | Medinswer Vita ( olllagen Loriymmraule 데일리 8월안 달간 등 장벽크림 ~Mloeboi 한정 기획 초대 활인 [장벽강화] 스린인램 [리미티드 에디선] 바 메디언서 비타 콜라건 베리어덤 인렌시브 이오던스 흘리데이 로직 임풀 3Oml 23,0004 84000원 38,000원 50% 11,440원 509 40,420원 50% 18,890원 오늘드림 올영라이브 입장까지 00:28.37 남있어요 = 88 유 홍 카테고리 발견 올영매장 좋아요 마이 '44*1 Grape Muscat C Ampoud '3001 - 콩 -UNGBOON EDITOR  'Boubr SKIN & LAB onIGl ) Biodance 탄력 ""A비VIFSm 'erm DTUraVUCE A"
WISHLIST/IMG_2557.PNG,2,"5:41 N 0 아울켓 36 @0# Al 7 1/8 L 8 루나키후 0 단독 7.5만 상의 > 민소매 티서스 (루나키후) WXKO18 달세뇨 과배기 니트 슬리브리스 (WHIT E) 클리어런스 위크 무신사단독 아울켓 5 호기 2개 프전 WHITE NAVY 44,000원 78% 9,680원 9,680원 나의 할인가 0 구매하기 990"
WISHLIST/IMG_2543.PNG,2,"5:31 N OLIVE YOUNG 흙 오즘 행령 세일 기획전 시픽 이번트 농치면 끝! 마지막 기회 스o켜어 바디켜어 헤어에어 향수디표저 분티소 6년 연속 달모증상 No.l 완화 모발 개선 '한전성 임상시점 안문 피부안전성 일시품절 일시 중절 '인꺼-8 시:입고 Seapuri DRn r # 개 EAB VTMS 무VaII [뿌리블롭개선] 씨퓨리 [놓치면끝] 다이안 드 오디드 밀크프로린 인 닥터33 플리셋 삼푸... 라이삼루 프레시 망 .. 렌시브 헤어오일 포.. 34900원 45,000안 14900안 509 17,270원 50% 7,430원 509 7,380원 오늘드림 ONLY 올리브영 1o.oooppm iOoDOppm OoDppm 단짐무 도진임유 드어지다유 LABO H (@qan Slroogiisnina 터 절 일시품절 삼포하듯 삼푸하듯 심프하듯 10분간편*색 10분간편염색 10분간편>색 내 4S 릭러 e96 3 엘라스템 삼푸하듯 10 라보에이치 모발강화 분 간편염색 4회분... 플리나 트리트면트 .. 구7900원 40,0004 74% 2,980원~ 51% 4,900원 올영라이브 입장까지 00:28:17 남있어요 = 88 유 홍 카테고리 발견 올영매장 좋아요 마이 초 Diane SHAMPOO"
WISHLIST/IMG_2542.PNG,2,"5:31 N 흙 오즘 행령 세일 기획전 시픽 이번트 weVegan 다 ^미미디   4MUst ~다 드 4MuSt HONFY RICH HONEY RICH VU5 : Nrencia CLOuO dDDY & 5CALP GCRUB GChVEe trrouiiTcs 아렌시아 프레시 콜라 [운기보습] 스린푸드 어무즈 비건 콩 핸드 크 우드 바디:스칼프 허니 리치 바디 위시.. 팀림 5Oml 2종 (에너. 295004 46,00e4 23,0004 509 14,640원 50% 7,940원 609 9,200원~ 오늘드림 증정 오늘드림 Derma B XREAHABELL 고보습 테어 래하뱀 한정기획 장벽 7074 개선 oLIVE YoUNG 호 일시품절 AMARRS 판데놀 보습 '309mh3SO9m}s기; [텍스관테돌 [단력 테어] 비클리낙 더마비 데일리 모이스 30,ooOppm] 오프.. 스 멀리 팬타이드 범 .. 처 바디로션 5OOml. 22,800원 27500안 38500e 509 11,290원 509 13,740원 509 19,180원 오늘드림 오늘드림 상품 더 보기 Kuous? 올영P어KO 올영PICK 최대 34% 할인 받으러가기 > 여름 기초에어 헬시 스백 축속 헤어&바디 SIS 메 울"
WISHLIST/IMG_2556.PNG,2,"5:40 AI 지금까지 44,452개 가 팔뒷어요 1,OOo원 4.8 (1,002) 논슬립 걸이형 바지걸이 2개입 품번 1046646 Beta 택배배송 매장픽업 오늘배송 대량주문 평균 3일 이내 8/12(수) 8/19(수) 이용불가 도착예정 퍽업가능 도착예정 구매하기 3,660 93"
WISHLIST/IMG_2552.PNG,2,"5:39 금기다신 인신시 AAA 16 춤 LRO3 15V 개입 LR03 i5v QAA ALKALINE NEO 압카라인 건전지 Una 'SVAA 사U비 ALKALINE NEO [ 놔도 : VoVAAA) C스 W신트 N트C 7 k AI 지금까지 163,551개 가 팔뒷어요 3,00o원 4.8 (6,575) 네오실 알카라인 건전지 LRO3 AAA 16개입 품번 1039567 Beta 택배배송 매장픽업 오늘배송 평균 3일 이내 8/12(수) 이용불가 도착예정 퍽업가능 배송지 동래구 동래로 53 (명문 쌍용 예가) 변경 구매하기 6,735 151 {"
WISHLIST/IMG_2546.PNG,2,"5:37 N 다이소 기획전 담기 담기 5,OOO원 NEW 5,OOO원 남녀공용 HEAD 스포츠 러널 조끼 남녀공용 HEAD 스포츠 러딩 조끼 그레이 불렉 택배 택배 퍽업 오늘 23 2,026 HEAD 이지굴 홀토시 우양산 드II 우 흙 카테고리 검색 발견 마이 장바구니 Fawio"
WISHLIST/IMG_2547.PNG,2,"5:38 1 9 > w3,000 쇼산 8c 아이스 @C 이하예서 넥출림 자연 냉각 실온 냉각 가능 PCM 신소재 ~과적 변정구적 달맨 W얼감 사용 냉각시간 거동실 (약) 30분 형장실 (약) 2시간 콜림 지속시간 6O~90분 시숙시간이 {혈질 '라라 수있U니다. 올여름 더사문하까 3,00o원 NEW 4.7 (722) 아이스 넥출림 배드 M 품번 1079539 미 사이즈 M ' '입속 '입속 990 990 구매하기 3,598 369 783 ' 사리"
WISHLIST/IMG_2553.PNG,2,"5:40 배 충격>수 및 스크리치 방지 라운드컷팅 비산방지 사생활보호 강화유리 즉편지야 차단 좌우 569야 시야치단 시아치단 시아들 효과적므로 치단해 사생활물 보호 563 AI 30대 여성 이 가장 많이 구매햇어요 2,000원 4.8 (60) 휴대돈 강화 유리 필름 사생활 보호 아이혼17 품번 1074135 Beta 택배배송 매장픽업 오늘배송 평균 3일 이내 8/12(수) 이용불가 도착예정 퍽업가능 구매하기 678 38"
WISHLIST/IMG_2545.PNG,2,"5:32 N 승 @ *25 12 15 오전 10.42 기준 온라인물 클렌징 부문 1등 @드)기등권렌징돌 올영 Blanc Nature PICK Pore & Acne Cleansing Foarn Blanc Nature Pore & Acne 2024 하반기 CleansingFoam hwahae Perfectly awards Clean. 요실효과 트러튼 Heartleaf 4-Terpineol BHA 위 Perfectly 389) Days Clean 콤본심 달 For Sensitive Skin Heartlcaf + 4-Terpinecl NA BHA 507G oz H89Jla Far Sensitive Skin 피지 50ml/169f 여드름 순삭 8/7 ~ 8/16 올영픽 시즌특가 5Oml 초규증정 불랑네이처 > [8월올영픽여드름 기능성] 불랑네이처 아크네 클렌장 품 기획/단품 23,800원 229 18,400원~ 0 (1Oml당 1,227원) O느T 리 DrcT 오늘드림 또는 퍽업으로 받아보시켓어요? 장바구니 바로구매 선물 AHA Iom/"
WISHLIST/IMG_2551.PNG,2,"5:39 Infused with hyaluronic acid to deliver hydration and restore moisture for soft, skin k 500원 4.8 (604) [히알루론산]올리브팔 에센설 마스크 시트 품번 1071597 음션 히알루론산 Hu기unuui ' Beta 택배배송 오늘배송 평균 3일 이내 이용불가 도착예정 구매하기 736 20 dewy"
WISHLIST/IMG_2550.PNG,2,"5:39 KERASYS HAIR CLINIc ADVAN CED REPAIR AMPOULE IDx IOX 리메어 액표하어팩 NUaluIONAL PROTEGIIox AUuI OIL COMUSX KERATIN AMPOULE HAIR PACK AI 지금까지 17,347개 가 팔렉어요 3,OOo원 4.8 (676) 캐라시스 어드반스드 리페어 헤어 팩 150 ml 품번 1032887 미 캐라시스 > 주요기능 손상모개선 모발영양 소분공군 구매하기 2,499 112"
WISHLIST/IMG_2544.PNG,2,"5:31 N OLIVE YOUNG 흙 오특 행령 세일 기획전 시픽 이번트 디켜어 헤어에어 향쉬디표저 분티소품 맨즈에드 = JIL:TTEAIIMt [50%할인특가] 라운 르아제 홍스프레이 테일러센츠 오브제 퍼 드어라운드 센티드 1OOml 상달 (2507) 품 EDT 3Oml 선셋.. 23,0004 22,000원 59,0ee원 50% 11,350원~ 509 10,920원 509 29,250원 증정 오늘드림 ONLY NEW 흙리브형 단독기리 HACHr GARDEN BREEZE Eaw de Toilctte 'avlo VCcTtls 테일러센츠 오브제 퍼 우나 규피(qp) 오드 테일러센츠 오브제 퍼 품 EDT 3Oml 플로. 퍼품 5Oml (새벽 숲. 품 EDT 3Oml 기획. 59,000원 93,0004 59,0ee원 509 29,250원 509 45,950원 609 23,400원~ 오늘드림 시고 PJ 벼기 올영라이브 입장까지 00:28:70 남있어요 = 88 유 홍 카테고리 발견 올영매장 좋아요 마이 ~뼈퓨리제업리운동 FVOATIC"
SCHEDULE/IMG_2575.PNG,0,하마하마베이크하우스 '하마하마베이크하우스' 채널올 추가해 주서서 감사합니다. 앞으로 다양한 소식과 혜택정보름 메시지로 받으실 수 있습니다. 채널 추가 일시(한국시간 기준): 2026년 07 월 06일 16:27 수신거부: 홍> 채널 차단 오후 4:27 안녕하세요! 기7일 71시반에 바질 잠봉이량 고구마 바게트 예약 가능함까요?? 정치원 01093017834 입니다! 오후 4:32 하마하마베이크하우스 안녕하세요 :) 네 고구마는 썰어서 포장함까요 ~? 오후 6:26 네! 썰어서 부탁드립니다~~ 오후 6:28 하마하마베이크하우스 네 :) 감사합니다 오후 6:41
SCHEDULE/IMG_2574.PNG,0,"2026년 8월 12일 수요일 태안해양치유 kakao 안 책양 치유 알림록 도착 정채운님 스테이 패키지 신청이 완료되없습 니다. 예약 정보 확인 후 결제름 진행 바람니다. 신청자명 정채운 패키지명 스테이 패키지 스테이롬 가족형 202호 이용 프로그램 1층 프로그램 이용권 입실일 2026-10-10 퇴실일 2026-10-11 이용 인원 4명 결제금액 350,000원 오늘 오후 11시 30분까지 미결제 시 예약 은 자동 취소되니다. 오전 12:00"
SCHEDULE/IMG_2576.PNG,0,5.01 < 4 메리럽화재알림록 Q = 1566-7711v Ch 채널 추가 알림록 차단 메리즈화재 담당자 배정 안내 정*운고객님의 보험금청구가 담당자에게 배 정되없습니다. * 현재 사용 중인 법인용 핸드데은 통화 전 용으로 문자 수신이 불가하오니 양해 부탁드립니다 배정내용 사고번호: 2026-7222588 증권번호: 6ZJ1*** 심사예정담보: 경신형 질병통원의로비 손사담당자 장기보상지원팀 문지현 010-4163-9172 대표손해사정사 박기홍[10000019 5] 보험금 심사 예정일 2026-08-03 기타 안내사항 X 심사 예정일은 변동월 수 있습니다 * 해당 보장항목 이외 청구하신 기타 담보 잇는 경우 심사 후 확인되올 안내 드립니 라: 항상 친절하고 신속한 서비스로 최선들 다 하켓습니다: 편안하고 행복한 하루 되시길 바람니다. 메리즈화재 공식 사이트 접속 보험금 접수방법(웬접수 가능)
SCHEDULE/IMG_2589.PNG,0,"5:14 내 예약 유호한 예약 지난 예약 취소든 예약 클림크261 호스텔 2024년 11월 10일~13일 w123,441 완료 이 숙소 다시 예약하기 첫포로 2024년 5월 1일~3일 Granbell hotel Tanuki, Sapporo 2024년 5월 1일~3일 w396,755 완료 이 숙소 다시 예약하기 Granbell hotel Tanuki, Sapporo 2024년 5월 1일~3일 w392,486 취소템 검색 위시리스트 내 예약 나의 계정"
SCHEDULE/IMG_2588.PNG,0,"5:14 내 예약 유호한 예약 지난 예약 취소든 예약 암스데로담 2025년 4월 27일~29일 클림크노르트 호스텔 2025년 4월 27일~29일 w124,367 완료 이 숙소 다시 예약하기 런던 2024년 11월 10일~13일 클림크261 호스텔 2024년 11월 10일~13일 w123,441 완료 이 숙소 다시 예약하기 첫포로 2024년 5월 1일~3일 검색 위시리스트 내 예약 나의 계정"
SCHEDULE/IMG_2577.PNG,0,5:02 < 4 네일비무드 Q = 010-5104-1503 V Ch 채널 추가 알림록 차단 여기 둘러 림크름 확인하세요 Linstagram com 오후 2026년 7월 27일 월요일 안녕하세요~ 31일 5시 제거 후 손 아트 예 약 가능활까요? 오후 9:27 네일비무드 법~! 어떤거 하시나요-? 오후 9:28 아직 고민중이라 그런데 언제까지 확실하게 알려드리면 돌까요?? 오후 9:28 네일비무드 예약일 전날까지 보내주시면 된니당~!! 예 약금 입금 후 확인메세지 부탁드립니다 오후 9:33 네 감사합니다! 정채운으로 입금햇습니다~ 오후 9:34 네일비무드 년! 아트 정해지면 보내주세용~!! 오후 9:38 2026년 7월 29일 수요일 메뉴 메시지 입력
SCHEDULE/IMG_2570.PNG,0,6:06 0 8월 +   Q + 일 월 화 목 금 토 9 10 11 12 13 14 15 2026년 8월 12일 수요일 오후 2시 오후 3시 오후 4시 오후 5시 오후 6시 오후 7시 알바 오후 8시 오후 7:30 ~11:30 오후 9시 오후 10시 오후 11시 오전 12시 오늘
SCHEDULE/IMG_2571.PNG,0,"6:06 C 8월 편집 기업 견학 하루 종일 , 2026년 8월 18일 (화)부터 2026년 8월 19일 (수)까지 컬린터 약속 손 알림 없음 손 이번트 각제"
SCHEDULE/IMG_2594.PNG,0,5.15 예약 아고다 고객센터에 연락하기 ID 1637212119 완료원 a8o Berlin Hauptbahnhof 체크인 체크아웃 8월 10일 (일) 8월 71일 (월) 예약 확인 변경하기 이용후기 작성하기 부다페스트 5월 04일 (일) 아고다 고객센터에 연락하기 ID 530786219 완료원 a8o Budapest City 체크인 체크아웃 5월 04일 (일) 5월 05일 (월) 예약 확인 변경하기 이용후기 작성하기 흙 내 예약 할인 구돈 관심 숙소 더 보기
SCHEDULE/IMG_2581.PNG,0,"5.04 마이배민클럽 [ 지금까지 받은 혜택 10,900원 0 배달립 할인 7,900원 % 주문금액 할인 3,000원 전용 혜택이 더 있어요! V 배민클럽 무료 이용 중 변경 > 다음 결제일 2026년 8월 30일 결제금액 혜택가 3990원 1,990원 결제내역 결제수단 배민클럽 패키지도 있어요 배민클럽 Premium 무제한 배달립 무료에 광고 끊김 없는 유튜브까지 배민클럽 + TVINC 무제한 배달립 무료에 KBO, 인기 예능 드라마까지 가장 저럼한 가격 배민클럽 12개월 509 할인 무제한 배달립 무료에 매월 새로운 할인까지"
SCHEDULE/IMG_2591.PNG,0,"5.15 예약 정보 숙소 정보 객실 정보 투숙객 정보 취소 Q 오늘 원하시는 사항울 입력해 보세요 다이-이치 인 이켜부구로 호텔 (Dai-ichi Inn Ikebukuro Hotel) 숙소 전화번호 +81339861221 이레부구로 17 가나메초 #양 떡 5 포R] U? 이켜부구로 C2 441 '#l Google Map data 02026 1-42-8,Higashi-Ikebukuro, Toshima-ku 도코 / 동경 일본 170-0013 숙소 위치 확인 숙소에 이메일 보내기 PDF 숙소 정보 체크인 체크아웃 2026년 2월 3일 화요일 4박 2026년 2월 7일 토요일 15.00 10.00 예약 확정서 받기 Yamanote Line"
SCHEDULE/IMG_2585.PNG,0,"5:12 < 4 원스네일(동래) Q = 명춘로120-1v 2026년 3월 13일 금요일 혹시 오늘 제거(타살) -+테어 가능한 시간대 있나요?? 안되다면 내일 가능한 시간대 알 려주시면 감사하켓습니다! 오후 12.02 원스네일(동래) 안녕하세요! 채운님 오늘 하시면 4시 타임 가능하세요 오후 12:42 그럼 오늘 4시로 부탁드립니다! 정채운 01093017834 입니다~ 오후 12:43 원스네일(동래) kakao 알림록 도착 정채운님 , 원스 네일 예약이 다가차습니다. *예약 정보x 예약일시 26.03.13(금)오후4:00 늦지 않게 방문 부탁드립니다: 감사합니다. 오후 12:43 원스네일(동래) kakao 알림록 도착 예약 양식 가격 메시지 입력 oVCL' = oNCI: = oNCL: ="
SCHEDULE/IMG_2584.PNG,0,5:11 캐시 뽑기권 광없는 캐시뽑기 이미 뽑기름 진행하져습니다. 내 당점금 100키시 당점 일자 26-08-12 유호 기간 2026-08-12 자정까지 확인 알려드려요 당점된 캐시논 더보기 메뉴 > 캐시 내역에서 확인 하실 수 있습니다. 본 이멘트 캐시논 사용기간 내에 사용하지 않으면 소별되니다.
SCHEDULE/IMG_2590.PNG,0,5:14 < 내 예약 Bookingcom 온라인 보안 팀 Sapporo Granbell Hotel 2024년 5월 1일 (수) - 2024년 5월 3일 (금) 체크인: 오후 3.00 - 오전 12.00 체크아웃: 오전 11:00까지 숙소 주소 Chuo-Ku Minami3Jo Nishi8-10-1 첫포로 060-0063 가능 길 숙소 정책 정책 모두 보기 숙소에 연락하기 예약 변경 또는 숙박과 관련된 내용올 문의하실 수 있습니다. 숙소에 메시지 전송 메시지 보내기 다른 방법 +81 11-522-5541번으로 전화하기 예약원 객실 (1개) 기주 검색 위시리스트 내 예약 나의 계정
SCHEDULE/IMG_2580 (1).PNG,0,"5.04 YouTube Premium Q : 개인 맵버십: w14,90이월 다음 결제일: 8월 17일 취소 즉시 환불 받고 혜택올 종료하려면 YouTube 지원림에 문의하시기 바람니다. 홍 Shorts 구독 내 폐이지"
SCHEDULE/IMG_2579.PNG,0,5:02 < 4 네일비무드 Q = 010-5104-1503 V Ch 채널 추가 알림록 차단 모무 9.34 네일비무드 법!! 아트 정해지면 보내주세용~!! 오후 9:38 2026년 7월 29일 수요일 안녕하세요 사장님~ 혹시 아트 말고 제거로 변경 가능할까요??TTTr 오후 10:01 네일비무드 제거 일요일 2:30 가능해요~ 오후 10:71 그럼 그날 제거로 변경 가능할까요?? 오후 10:24 네일비무드 네~ 2일 2:30에 실게요~~ 오후 10:25 예약금 차액은 어떻게 되나요?? 오후 10:26 네일비무드 당일에 드려용~ 오후 10:26 네 알b습니다~ 감사합니다!! 오후 10:26 메뉴 메시지 입력
SCHEDULE/IMG_2586.PNG,0,"5:12 < 4 원스네일(동래) = 명춘로120-1v 원스네일(동래) kakao 알림록 도착 정채운님 , 원스 네일 예약이 확정되없습니다. *예약 정보x 예약일시 : 26.03.13(금)오후4:00 예약 변경 또는 취소 시 미리 연락부탁드컵 니다: 오후 12:43 원스네일(동래) 네 금일 4시로 예약 도와드처어요! 조금 이 따가 뵙젯습니다:) 감사합니다! 오후 12:44 예약 양식 가격 메시지 입력 oNCI: = oVCL 스"
SCHEDULE/IMG_2592.PNG,0,5.15 예약 다가오는 예 완료된 예약 취소된 예약 약 모두 숙소 항공 즐길 거리 사포로 6월 24일 (수) 아고다 고객센터에 연락하기 ID 1728978858 완료원 Smile Hotel Premium Sapporo Susukino 체크인 체크아웃 6월 24일 (수) 6월 28일 (일) 예약 확인 변경하기 이용후기 작성하기 도교 | 동경 2월 03일 (화) 아고다 고객센터에 연락하기 ID 1667995945 완료원 흙 내 예약 할인 구돈 관심 숙소 더 보기
SCHEDULE/IMG_2593.PNG,0,5.15 예약 프라이부르크 8월 15일 (금) 아고다 고객센터에 연락하기 ID 546852271 완료원 Hotel Lumi 체크인 체크아웃 8월 15일 (금) 8월 16일 (토) 예약 확인 변경하기 이용후기 작성하기 프랑크푸르트 암 마인 8월 14일 (목) 아고다 고객센터에 연락하기 ID 546511671 완료원 Staycity Aparthotels Frankfurt Airport 체크인 체크아웃 8월 14일 (목) 8월 15일 (금) 예약 확인 변경하기 흙 내 예약 할인 구돈 관심 숙소 더 보기
SCHEDULE/IMG_2587.PNG,0,"5:14 내 예약 유호한 예약 지난 예약 취소든 예약 원험; 마트라이 암 브랜너 2025년 8월 21일~25일 OneBavariaHomes 2025년 8월 22일~25일 w893,283 완료 이 숙소 다시 예약하기 Haus Statz 48 2025년 8월 21일~22일 w334,145 완료 이 숙소 다시 예약하기 그런델발트 2025년 8월 16일~17일 Charming Little Chalet for 6 People & Free Ski Lockers 2025년 8월 16일~17일 초672,560 완료 검색 위시리스트 내 예약 나의 계정"
SCHEDULE/IMG_2578.PNG,0,"5:02 < 4 네일비무드 Q = 010-5104-1503 V Ch 채널 추가 알림록 차단 02 ? 오후 8:24 안녕하세요~ 이 아트 가격 궁금해서 연락드 횟습니다! 색상 변경도 가능할까요?? 오후 8:25 네일비무드 안녕하세요~~ 아트 55,000이고 컬러변경 추가금은 없습니다! 오후 8:26 감사합니다:) 이 아트로 6/22 77시에 예약 가능할까요? 제거없이 아트만 입니다! 위치 안내 오후 8:29 네일비무드 WIIO 늘마루 연단오리불고기 온천장역 (부산우리들병원) 급돌이 주네김밥 포직한집 유식당 크는나무 기장집 아동상담소 온전지음 선민사회복지회 9차아파트 크는나무아동상담소 전소 모모스커피 메뉴 메시지 입력 틀 6 별 옷"
MEMO/IMG_2572.PNG,3,6:30 승 @ 게시 @zimeot 시켜쥐 순두부염라면 명예 박사 <레시피> 1 기름에 다진마늘 파 청양고추 1개 간장 한스문 고추가 루 한스문 넣고 볶아줌다 2. 물 45Oml 3. 건너기랑 분말스프 넣고 4. 계란 흰자만 넣논다 (섞으면 안독) 5. 물 끓으면 면 넣고 순두부 반개 넣논다 6. 후추 많이 7. 계란 노른자 올리고 파 올려주다 답글 게시하기
SCHEDULE/IMG_2648.PNG,0,12:52 아리 응 열대 바항스가 지금 시작월니다! 16일 전 여름 바항스 이번트와 함께 섬의 정취가 가득한 모험올 떠나 보세요! 발리틀 대표하는 정교한 수공예 목각 동물들이 발리 조각물 데코피크민으로 생생하게 되살아남니다. 아울러 달콩 한 즐거움도 돌아흉니다. 방수 데코피크민과 2024맛 아이스 크림 데코피크민을 다시 만나 보세요. 여기에 더 시원한 소식도 있습니다. 이제 얼음피크민도 방수 데코로 만날 수 있어요! 이번 이번트에서만 열대 코코스올 모 으면 원하는 색상의 방수 데코피크민을 선택할 기회틀 얻을 수 있습니다: 기간 현지 시간 2026년 8월 1일 0:0O부터 8월 3 1일 23.59까 지 근 챙기지 않아도 I니다. 이멘트 전체 내용은 불로그에 확인하시기 바람니다.
SCHEDULE/IMG_2649.PNG,0,"12:52 아리 이달의 꽃 칸나 8월의 빚 플라위 예보 8월 내내 일반적인 빨강 , 노랑, 하양 , 파랑 꽃잎올 주위에 심 으면 빚 플라워가 하비스커스 해바라기 나팔꽃 극락조화 , 공작선인장 , 칸나로 피어날 가능성이 있습니다. 정수 업데이트 8월에는 버섯올 처리하여 확득한 과일로부터 일반  히비스커 스 해바라기 나팔꽃 극락조화 공작선인장  또는 칸나 정수 틀 얻을 수 있습니다. 8월의 커유니티 데이 8월의 커유니티 데이는 8월 8일과 9일에 열립니다 자세한 내용올 곧 만나보세요. 미디어에서 저희틀 팔로우하시고 #PikminBloom 해시 태그로 여러분의 모험올 공유해 주세요"
SCHEDULE/IMG_2475.PNG,0,11:46 수 ( X 추진 일정(안) 일자 | 시간 일정 장소 840 학교 집합 및 이동(간식-학과 제공) 부산다 학교 캠퍼스 *스마트웨투템 도츠 및 견학 9.30-11.00 부산 하운다구 (A-정토보안 기술 시연 세디나) 8.18. 점심식사 및 이동 11.00~15.00 고속도로휴게소 (화) 점심 식사 자유-학과 디제공) *한국전자통신연구원 15.00~18.00 다전 유성구 (정보통신 체험관 관련 및 세디나-(기관 소개)) 숙소 이동 및 도츠 토요로인(다 전정투청사앞) 18.00~18.30 (저녁 식사 자유-학과 디제공) 1인 t객실 8.00~10.00 기상 및 호텔 조식(학과 제공) 토요로인(다전정투청사앞) 8.19. 10.00 부산으로 출발 (수) 1스.00 학교 도츠 부산다학교 캠퍼스
SCHEDULE/IMG_2641.PNG,0,12:42 ' 반밥예정일 알림 안녕하세요 정채운님 대출하신 도서의 반밥예정일이 도래하없습니다. 기한 내에 반납하여 주시기 바람니다. 반납일이 경과하면 1일 100원의 연체료가 부과되미; 대출 도서의 연장 및 추가 대출이 불가합니다. 대출 연장은 도서관 콤페이지 > My Library틀 이용하세 요 전화문의 051-510-1301 e-mail문의 himiji@pusan ackr 등록번호 K4617175 서명 책임사항 (행체인과 RAG로 배우는) 실전 LLM 애 플리켜이선 개발 멀리모달 GraphRA G ReAct 에이전트 sLLM 완벽 실무 가 이드 대출일 2026-07-10 반밥예정일 2026-08-05 도서관 흉페이지 바로가기 답장 전달
SCHEDULE/IMG_2642.PNG,0,"12:43 이용이 곧 중단독니다. 받은편지함 Apple 8월 13일 받논사람: 나 Y 끊김 없이 즐기는 방법 개인 J 재카적 98,900 - 이전 가격 #0 2026년 9월 4일에 시작 중단 없이 지금처럼 자유롭게 이용하십시오. 동의하는 경우 취소하기 전까지 구독이 9월 4일에 #8,900/1개월의 요금으로 시작되니다. 경신일 최소 하루 전까지는 설정 > Apple 계정에서 언제든지 취소할 수 있습니다. 동의하지 않으면 9월 4일에 구독이 종료되니다. 자세한 내용올 보거나 취소하려면 구독 올_검토하십시오. 가격 변경 동의 Apple 계정 판매 약관 개인정보 처리방침 Copyright 2026 Apple Services Pte Ltd. 모든_권리 보유 답장 전달"
SCHEDULE/IMG_2643.PNG,0,"' 12:43 ' ' 안녕하세요, arsene0218 님! Steam 여름 할인이 시작되없습 니다. 짐 목록에 잇는 게임 2개와 수많은 다른 게임이 2026년 7월 10일 2OOam KST까지 할인 중입니다. STEAM 여름플인 구월9일오전 10N태평양 표준세끼지 할인 둘러보기 답장 전달"
SCHEDULE/IMG_2647.PNG,0,12:50 8월 편집 박분기 시험 2026년 9월 5일 토요일 하루 종일 컬린터 약속 손 알림 없음 손 이번트 각제
SCHEDULE/IMG_2644.PNG,0,12:45 Ud 34P 부산대학교 08.14 금 = PUSAN NATIONAL UNIVERSITY 23 % 흙 MyPNU 학교공지 학생지원시스템 캠퍼스맵 [사항 학사일정 학내소식 학술행사 채용공고 여름도약수업강의시작종료일 07 2026.07.22 2026.08.78 2학기 수강신청(학부) 08 2026.08.78 2026.08.79 2학기수강신청타대생) 08 2026.08.78 2026.08.79 2학기 수강신청대학원) 08 2026.08.78 2026.08.79 7학기 후기학위-여식 08 2026.08.27 2026.08.27 2학기학위청구자격시험 WEB신청 08 2026.08.24 2026.09.04 2학기 학위청구자격시험 WEB신청 08 2026.08.24 2026.09.04 2학기학위청구자격시험 WEB신청 08 2026.08.24 2026.09.04 2학기학위청구자격시험 WEB신청_조회 08 2026.08.24 2026.09.17 24기 빠이처 그TL거 1히 IAIED 시처 x히 PLATO
SCHEDULE/IMG_2645.PNG,0,"12:49 RIDI Q' 벼 m 우 구돈 등록하기 구돈 번호름 입력해 주세요. 구돈 등록 사용가능 3 사용환료 기간 만료 2026.08.12. RIDI위클리 구돈 2026.08.17 23.59 까지 최대 10% 할인 전체 도서 1000원 이상 결제 시 2026.08.12. RIDI위클리 구돈 2026.08.17 23.59 까지 최대 109 할인 전체 도서 1,000원 이상 결제 시 2026.08.12 RIDI위플리 구론 2026.08.17 23.59 까지 최대 10% 할인 전체 도서 1000원 이상 결제 시 고객센터 공지사항 서비스 기타 문의 제휴카드 원고 투고 1C )= Fol 부어 드 CP) u ridibooks com 리디바탕 어N _매 다o ="
SCHEDULE/IMG_2595.PNG,0,2026년 8월 13일 목요일 냉 오른 맞취 갈까?? 나 심심 그리고 카공해야함 오후 2:00 감자 조아 오거라 우리 요시부터 열어 승하 오후 2.01 혈 개빨라 요시는 무리고 의시즌 갈게 규구크 오후 2.01
PLACE/IMG_2617.PNG,1,"12:17 4/8 좋아요 관저당 대전 서구 구봉산북로21번길 11 지 47 T 1,995 dangdo mag 팔로우 7 IVE (아이브) BLACKHOLE 대전이 노쨌도시라고?! (Mit 대전은 빵의 도시지 I 대글 추가.. ? dd"
PLACE/IMG_2603.PNG,1,IC 남세종 32 11:23 북대전 251 302) 유성 유성 유성 정부대전청 Denhaag 유성복합터미널 32 대 역시청 @@__O리진 점 Denhaag 카페 디저트 리뷰 979 영업 종료 12:00에 영업 시작 203km 대전 유성구 출발 도착 공유 전화 알림받기 대전 붐위기 중음/페 댐하
PLACE/IMG_2602.PNG,1,"11:23 5 X 동방커피 본점 카페 리뷰 2,085 디저트와 커피가 어우러진 완벽한 조화 Al 요약 0 출발 도착 공유 전화 알림받기 대전치즈웨이크맛집_ 데이트 필수코스 *-빼k . 흙 소식 메뉴 리뷰 사진 주변 정보 민생에플러스0 고유가 피해지원금 고유가 피해지원금 사용 가능 매장 (신용 체크 카드) (i 고유가 피해지원금 사용 가망점 정보는 행정안전부 (참여 신 용카드사)와 사업주 분들께서 제공한 정보로 실제 사용 가능 여부분 매장에 확인해주세요 알림 2026.07.18. 2026.10.25 룻데백화점 성심당에서 동방커피 오시는 길 안내 대전 에 저장팀 수정"
PLACE/IMG_2616.PNG,1,"12:16 '데b어언체등록사진 2/10 S일평균워이팅 :4I0명S o저 S용세 대홍 626 C 대전 중구 중교로 32 (층 C 대전 인기 빵집 플리쉬바게트 꼭 '먹어보기' 54 대권 daejeon_holic 팔로우 콜리 2,165 대전 웨이팅 필수 캐치테이블 맛집 TOP #대전화플 대글 추가.."
PLACE/IMG_2600.PNG,1,11:22 < 도요 X 흙 메뉴 리뷰 사진 주변 정보 고유가 피해지원금 사용 가능 매장 (신용 체크 카드) 고유가 피해지원금 사용 가망점 정보는 행정안전부 (참여 신 용카드사)와 사업주 분들께서 제공한 정보로 실제 사용 가능 여부튼 매장에 확인해주세요 부산 영도구 청학동로 16 카페 doyo 지도 거리뷰 청학2동 공영주차장 바로 앞에 위치해 있습니다: 영업 종료 12.00에 영업 시작 0507-1367-7648 복사 httpssllwwwinstagramcomldoyo_busan?igsh-M. 포장 단체 이용 가능 예약 무선 인터넷 남녀 화장실 구.. 정보 더보기 connect+ 모든 경험올 네이버 아이디로 간편하게 리뷰 쓰고 포인트 적립 Npay connect 단말기로 리뷰 쓰고 100원 적립까지 가능해요 출발 도착 공유 전화 문의
PLACE/IMG_2614.PNG,1,대구인의 대전여행 맛집 추천VS비추천 솔직후기 1박 2일동안 스레드에서 현지인들에게 추천 받은 곳 위주로 맛집 두어 다녀욱어요! 이번 여행의 포인트는  .! 1곳 제외하면 웨이팅이 없다는 것이 포인트! 1. 욕천뼈구이 농민 뜨곤이 본점 (웨이팅 20분) 3시~4시좀 가니까 웨이팅 20분 정도 햇어요 꿀립! 2인이 회전이 빠르더라고요. 가족 단위가 많아서 4인 이상은 웨이팅이 긴 것 같고 2인은 빨리빨리 들어감! 인스타 바이월 맛집인 것 같아서 기대 하나도 안랫는데 누가 여기선 무조건 매운맛 먹어야 실패 안한다고해서 맵질이지만 매운맛 시컷거든요? 넘 잘한 선택. 불향 종고 질기지 않고 물리지도 않아서 맛있게 잘 먹없어요 (배불러서 포장함 T) 대화에 참여하세요. GIFI
PLACE/IMG_2628.PNG,1,"VAGOnd 12:27 Veong-a,? 3/10 MI Ph 875 @jGE쇼 종로구 자하문로6길 18-8 #독특한구조 #인공정원 #전시회 #기터품g 12 SEOUL E5 GO seoul.letsgo 팔로우 1,174 [시간 순식 서울 복합문화공간 27곳] 힘들게 돌아다날필요 없는 공간들 대글 추가.."
PLACE/IMG_2629.PNG,1,VAGOnd 12:27 2/8 3 준청춘동물원영등표 H흰@진- RUN 서울영등포구 영중로 15 서울 종로구 인사동길 12 27 '말리운물0 @줌이빨리 서울영등포구 선유로 173 저울금전구디지털로178 533 yy다 (서울화들 hereseoul 팔로우 여기 99 서울 실내 놀거리 총정리 비 오는 날도 폭엽에도 걱정 없는 대글 추가..
PLACE/IMG_2615.PNG,1,12:15 업체등록자집 217 381 도어블 모던한 분위기에서 즐기는 중식 맛집 대전 중구 대홍로 117 1층 | 11.30 ~ 2100 / 1500 ~ 17.30 브레야라가 13 대 daejeoneats 팔로우 605 l3 미식러들 주목! 검증원 맛집만 골랍다 대글 추가..
PLACE/IMG_2601.PNG,1,"11:22 국립부산과학관 저장 과학관 부산 기장군 기장울 moo**** 팔로우 리뷰 122 사진 757 팔로위 1 B밥ner무 콤보워 삼과밤팎  7다다압면 미디가 보인다 1/8 5 여행 연인 배우자, 아이"
PLACE/IMG_2639.PNG,1,12:34 @무 l- ODD I 존득한 모찌지어 초코크림 틈북 젠국 생소코효 문산 문산진a전포대로2082V0EERDAY 부산 가불고 busan.gogo 팔로우 만한스 초코러버들 취향저격할 전포 생초홀릿모찌 동글동글 비주얼부터 게임 끝 아니나구! 존뜩한 모찌피에 발로나생초코크임이 틈~뿐 들어간 생초코모찌 이거 어떻게 안좋아함?? 입안 가득 퍼지논 달}함에 빠져튼다구   | 한번 맛보면 계속 먹게되다는데 구트 빠르게 품절월 수 있으니 서둘러~ @@이거 먹고 싶엉 러버커피 부산 부산진구 전포대로 208 2층 12.00 - 22.00 연중무휴 대화에 참여하세요. GIF
PLACE/IMG_2605.PNG,1,11:23 5 X 청도필선스테이목아 편션 리뷰 433 넓은 공간에서 즐기는 아숙한 휴식 AI 요약 0 출발 도착 예약 공유 전화 흙 소식 객실 리뷰 사진 주변 정보 불로그 2021.05.04 스테이블아 [별아채] 가족여행 에 저장팀 수정 경북 청도군 금천면 선바위길 55-7 지도 거리뷰 청도 금천면 선바위길 55-7번지 하안 2총집 입니다 :) 0507-1330-1941 0 복사 httpllinstagramcom|stay_moga_
PLACE/IMG_2611.PNG,1,12:12 Naver Place Riv 3/9 1446 [ 슬발묵집 34 관평동 / 대전 유성구 관용로 51 현지인들은 모름수가 없는 대전 맛집 묵채는 물론이고 먹어본 보리밥과 된장찌개 중 166 손에 꿈는 현지인 진 맛집 1.3만 FLAP daejeon_flag님과 ponyopick님 팔로우 대전 토박이의 또x10간집 밥 한 끼 허요 불루리본 맛집 가져낯습니다 대글 추가..
PLACE/IMG_2598.PNG,1,"협 산수유아파트 103 11:21) 금정산태진 102 펼리스2차 온천장역 장전심정그린국n [종 삼정그런코아 더베스트 103 101 102 파리바게뜨 콤플러스 (마트 임시휴업) n요적우 부산노래접 SF 051,555,9091 설방 P 공영 구우구우 골드 101 부산 동래점 #온천장 구우구우 투섭플레이스 스복국 것발집국수전골 온천장역 김서방네금돼지 구우구우 골드 부산 동래점 일식 초밥위페 리뷰 1,736 영업 종료 11:00에 영업 시작 1.3km 부산 동래구 현장대기 마감 테이블림 0 C 출발 도착 줄서기 [3 공유 전화 토스 떼 역대말 구우구우 골드 부산동래점 COLD UPCRADE 2026.08.08 8월 부산 최주 부우부우 골드 부산동래점 새급게 선보이논 그럴존과 끄리미업 메뉴문 마음껏 슬겨보세요 Vo 선착순 스타버숫"
PLACE/IMG_2599.PNG,1,"0525 TU 11:22 동해맨선 표0 P 태성 안 4 O 0소 IU 아포지테라스 대산아파트 그라치에 도요 101 102 0 학배수지 전망대 108 103 신영도록데 낙전대아파트 107 106 104 신기산업 9 105 도요 카페 디저트 리뷰 1,398 영업 종료 12:00에 영업 시작 14km 부산 영도구 출발 도착 공유 전화 문의 동로42번갈 꿈 # a % 꽃 운 '학동로 { 와치로37번길 따"
PLACE/IMG_2610.PNG,1,"12:12 Naver Place RWawy 2/9 1,446' 별난집 34 중앙동 대전 동구 중앙로193번길 8 불루리본 끼개에 빛나는 대전 두부두루치기의 정수 166 녹두전은 반드시 먹어올 것 1.3만 FLAP daejeon_flag님과 ponyopick님 팔로우 대전 토박이의 또x10간집 밥 한 끼 허요 불루리본 맛집 가져낯습니다 대글 추가.."
PLACE/IMG_2604.PNG,1,"11:23 유성 사이언스대덕 종합운동장 대전조차장역 정부대전청사 Denhaag 17 [미널 32 대전 하토네일 대전단방점 대전역 서대전역 파티세리 소신 대응점 하토네일 대전단방점 0pay 의구데 네일아트 네일산 리뷰 3,730 영업 종료 10:00에 영업 시작 197km 대전 서구 출발 도착 예약 공유 전화 문"
PLACE/IMG_2638.PNG,1,"12:33 or and 팔로우 l볶 mosi mosi? Tokyo's Best Cafe. 세계기등으로 높은 자립식타위 도교 스카 이트리블 가장 가까이서 볼수짓는 카페. 스카이트리 53에 위치한 카페이고 야외 테라스도있없없어요 가 장 인기,은 스카이트리 크레이프와 프린트 라떼 주문! 네트 벤치 에서 누위서 스카이트리블 바로 올려다보는것올 추천합니다. LOOK UP CAFE TOKYO SKYTREE 오시아게역 (Oshiage Station) 5F Tokyo Solamachi, Skytree Town, 1-1-2 Oshiage; Sumida-ku Tokyo If you want to see the world's tallest freestanding tower from the closest spot possible LOOK UP CAFE TOKYO SKYTREE is a must-visit. Located on the 5th floor of Tokyo Skytree this cafe 시 ~^ 수스f~ 사 ~+  w Lrf~ ^ ~4+ 끊 +시;i ~ ;w +L ~ 'c^ or_and남에게 대글 추가 GIF Tokyo"
PLACE/IMG_2612.PNG,1,"12:13 4/16 live FARM & 씨 & 942 14 2 올리브람 베이커리 베이커리 대전의 인기 베이커리 카페로 시그니처인 소금바게트부터 올리브치즈바게트 184 크렌베리호두바게트 등올 비롯해 속재료 가득한 잠봉 샌드위치가 인기인곳 5,598 cafe.ing 팔로우 r Vintage Relaxation Sum 문산동에서 완성하는 대전여행 먹부림 지도 SOON 대글 추가.. Mnimm"
PLACE/IMG_2606.PNG,1,"11:24 < 담원 5 X 흙 객실 리뷰 사진 주변 정보 민생에플러스0 고유가 피해지원금 고유가 피해지원금 사용 가능 매장 (신용 체크 카드) 고유가 피해지원금 사용 가행점 정보는 행정안전부 (참여 신 용카드사)와 사업주 분들께서 제공한 정보로 실제 사용 가능 여부튼 매장에 확인해주세요 가족여행 에 저장댐 수정 경남 밀양시 부북면 화악산길 691 지도 거리뷰 전화번호 보기 0 httplldamwonresort.co.kr 풀빌라 스파, 독채, 단체, 한욕 복층  가족실 2인실 침대... 정보 더보기 객실 1 > 일정선택 인원선택 바메규그락 30 000위 @pay 출발 도착 예약 공유 알림받기"
PLACE/IMG_2607.PNG,1,11:25 곧C 원하눈 고기 이럴스의 대글 정보 todays_busan 12시간 작성자 #동래 #구우구우골드 부산 동래구 중앙대로 1523 SK HUB SKY 5층 16 답글 달기 todays_busan 9시간 작성자 @todays_busan #동래구우구우 답글 달기 youngjun5992 7시간 29800원 29000원 막 이가격인데 자꾸 2만원 0 저근 안랫으면 틀린말은 아난데 저건 3만원이지 292 답글 달기 답글 3개 더 보기 soxltqqqtslax5 9시간 경성대가 먼저 골드엿는데 원 부산 유일이나 답글 달기 31 todays_busan남에게 대글 추가 GIF 용
PLACE/IMG_2613.PNG,1,12:14 현지인이 추천하는 대전 맛집 BEST9 맛있는 건   현지인이 안다! 대전 구별 진 맛집 총정리 중구 8 동구 태평소국밥 오씨 칼국수 추천 메뉴 추천 메뉴 소국밥 (0 손칼국수 내장당 물총조개탕 육사시미 유성구 대덕구 2 중구 동구 진로집 왕관식당 추천 메뉴 추천 메뉴 두부두루치기 두부두루치기 오징어두루치기 8 제육볶음 중구 3 중구 바로그집 5 동구 10 대덕구 추천 메뉴 떡볶이 서구 오문창순대국밥 순대 추천 메뉴 오딩 순대국 머리고기 중구 동은성 유성구 추천 메뉴 5 서구 탕수육 칼국수름 만드는 사람들 유성구 일당감자락 잠봉 추천 메뉴 만수불고기 추천 메뉴 볶음밥 해물 칼국수 추천 메뉴 뼈해장국 낮지 볶음 불고기 감자탕 공짓밥 대전은 맛도 정이도 넘치는 도시! 맛있는   하루 되세요 :) [ recor myrecordnana 팔로우 26 #대전맛집 #대전여행 대글 추가..
PLACE/IMG_2640.PNG,1,12:34 4/12 콩 장 계단 조십 A:E 뉴ATC  YUUE 433 온라인검색량8 언급량 폭발 북두칠성도서관 부산역 인근 북항에 위치해접근성이 좋음 바닥부터 천장까지 둥글게 이어지논 원형 서가와 계단형 광장 비주얼이 독보적이라 온라인 인증상 단골 명소로 꼽합니다. 평일 10사~20시 주말 10시~20시130분 *매주화 임시휴관일 등 휴관 32 동구 충장대로 160 협성마리나G7 B동 1층 94 busancity 팔로우 n Giulio Cercato Memories 요즘 부산에서 가볼 만한 도서관은 어디 대글 추가..
PLACE/IMG_2636.PNG,1,"12:33 e 2/8 70 3 비비스토리 서울 마포구 와우산로29나길 7 지층 (DD 요즘 유행하는 토마토 아이템 (( 4소 다 '4금 7 ! 다 당 [J59G-395-64 465 흉대에 숨겨진 핸드메이드 소풍산 에컨너 취향 저격하는 소품 천국 31 t eateat mag 팔로우 332 구경만 하려고 들어갖다가, 결국 두 손 무겁게 나오게 되는 곳들 대글 추가.. YII 330 * Y 4 0"
PLACE/IMG_2622.PNG,1,"12:19 DIAial nl적이하운스 4/10 이터들로그슈지C6bbi+127J논 ""대전토박이 추천 총 1~3총이며 다양한 끓돌이 곳즈와 굶돌이포토존 VR 체험 미디어파사드까지 다양한 즐길거리들로 가득! 기념품으로 좋음 유튜브-해말념들] heavytolker_ ;:-스 -F 08 패체 동실 매스코트 꿈들이 국춧가 잔뜩 가계정보 위치: 대전 동구 중동 62-5 11:00 19:00(월 휴무) 네이어 불로그 '주로나Cmichiy 불편, 키팅, 인형 등 꿈돌이 곳즈가 가득 77 데이트in date.inchungcheongdo 팔로우 3,929 충청도 하말념만 다녀간 대전 느종코스 대글 추가.. 꿈독이 '피구어기신 WCCcoMC"
PLACE/IMG_2597.PNG,1,"스타늘 11:21 전드 센덩시티 신세계올 위글위글 JLG 8 털시리점 10 CGV 신세계백화점센덩시티점 12 #아이맥스 영화관 @커피반 5 13) 오티너리레시피 CGV 신세계백화점센터시티점 영화관 리뷰 6,434 6.4km 부산 해운대구 신세계백화점센덩시티점 7층 V 소방청 인종 안전관리 우수업소 출발 도착 공유 전화 크린X CC Sor 품 센티5로 품 산2호선"
PLACE/IMG_2623.PNG,1,"12:19 DIAial 탤뒤베스터피지권 7/10 umbers coffee 줄저 네이버업제사진 Uol ~대전토박이 추천 고소한 식물원 바로 옆에 있어서 동시에 방문하는 코스로 종음 팬레이크가 그렇게 맛있다단데  .! 유튜보  [하말념망] hea 1 VMl% 3p주 708 맛있다ooo 가계정보 위치: 대전 서구 갈마동 273-24 2층 1200 22:00(화 휴무) 디카페인 음료에서 느껴지논 꼬소함!? '줄저 네이버업치 77 데이트in date.inchungcheongdo 팔로우 3,929 충청도 하말념만 다녀간 대전 느종코스 대글 추가.. Broker"
PLACE/IMG_2637.PNG,1,12:33 버터 광안리 이럴스의 대글 정보 todays_busan 1주 작성자 #광안리 #두트밀즈 부산 수영구 광안로45번길 9 2층 11 답글 달기 todays_busan 1주 작성자 @todays_busan #숲|초숲 #1i목로l속 # 부후2j47 2 답글 달기 번역 보기 mukpudding 1주 와.여기 너무 이뻐요 TTr 답글 달기 3 muko_die 1주 가격도 중은데 음식이 진짜 너무 맛나보야요T가전 부다 수제라니 부위기도 칠오 회원남의 생각을 남겨보세요. GIF
PLACE/IMG_2621.PNG,1,"12:19 DIAial 틈진로미 2/10 네어버 불로 '자사C9hkdudi824님님 {유투껍 [하말럼들] hedvytakker 캠처 오n움 @ 콤분에 @ 씨약 어동} 웬째} 맛핑어 '대전토박이 추천_ 두부두루치기에 칼국수사리 추가보단 갈국수홀 시켜서 맛보고 넣기름 추천 이때 맵기단계는 평소보다 +1 나하기! 유특브 [하말념망] hecvyrclker 캠처 708 진짜 맛있다 가계정보 위치: 대전 중구 대응동 314-1 11:30 22:00(화 휴무 B.T 있음) 대표메뉴: 두부두루치기 @norddony 77 데이트in date.inchungcheongdo 팔로우 3,929 충청도 하말념만 다녀간 대전 느종코스 대글 추가.. 6"
PLACE/IMG_2635.PNG,1,"12:31 3/6 용산 도기야 8,854 < 709 1.6만 travelreason 여떠유 팔로우 NMIXX Heavy Serenade 저럼하데다가 귀엽기까지 한 서울 그릇가게 모음집 대글 추가.."
PLACE/IMG_2609.PNG,1,"12:12 의uleunningog) 2/6 627 오씨칼국수 겉비속속해물피전과 시원쪽짓한동죽칼국수가환상적인곳 대전동구 옛신m진로 13 3 1100~2700| 평일BT1500~ 1530 39 대전_ daejeon tag 팔로우 가불래? 4,679 ""대전 사람들은 다 여기서 정모 하나요.?"" 싶은 갈 때마다 번호표 뽑아야 하지만 대글 추가.."
PLACE/IMG_2608.PNG,1,"12:12 2/6 탤글한 물 무침에 막걸리한잔  신공민 상활음굳 462 슬발문집 대전 유성구관평동S42 S 10:30 ~ 20:30 C' # 매혹새롭 묵무처이단연최고 # 한식이핑길때 O 4,957 daesang_highfive [Ga 팔로우 5 밥 한 끼 해요 (feat. 운보미) 대전토박이가 소개하는 여기논 꼭 가야하는 대전맛집 밥 한 끼 허요 top5 대글 추가.. 친문합"
PLACE/IMG_2634.PNG,1,"12:30 3/10 서울거의장회 여유즐기키중음보신각 보이늄통창분핸트트컵카체 서울증로구-관철동45-8 '월금 17830-2000 토 7300-79.00 (일휴문) 4,507 14 2 72 @ssummerhee 3,514 all.about seoul trip 석울자 n PPY! HAPPY!(실륙) RIIZ 팔로우 {+다 RIE 오늘 하루는 나 혼자 놀아보자! 서울 흔늘 코스 대글 추가.."
PLACE/IMG_2620.PNG,1,"12:18 DIAial Naver place ""view 2/9 746 [ 카라델 J 4 대전 중구 대종로 476 성심당 도보 분 거리에 위치한 대전 생면파스타 맛집 2 9짓한 생면 파스타와 다양한 메뉴틀 즐길 수 있으려 9 와인과 함께 곁들이면 더 근사한 식사름 경험할 수 있는 곳 878 daejeon_flag님과 ponyopick님 FLAP Earth Wind & Fire September 팔로우 생면이 기가 막히는 대전 생면 파스타 맛집 7곳 [r :ya 면부터 남다른 생면 파스타집이 더 있다면 대글로 공유 대글 추가.."
PLACE/IMG_2618.PNG,1,"12:17 연국진 업숙사진 3/10 영화관점 동로집 @대전 대덕구 신단진동 139-17 #에뉴 간결 #간자장 앗집 @대전 중구 대응동 314-1 #애공달콩 두루치기 #잡내 없는 수육 dalseo kj5O23 매운갈미 씩 이 절주 네 대밀;"" 실;네 { 106 1 31 컴슈페때움말- 현안운렉군이 @대전 유성구 봉명동 535-5 #단일 에뉴 #야채볶응밥 필떡! @대전 동구 삼성동 338-12 #돼지고추장구이  #연토 불예 벌 76 대전 햇플_ hotdaejeon 팔로우 3,106 [실패 없다는 대전 진맛집 33곳 총정리 믿먹하다는 맛집만 총출동 시켜 횟음 대글 추가.. 스낌쪽' - 824.2119 li"
PLACE/IMG_2624.PNG,1,12:20 DIAial 커리 ? 크리미하면서 풍미 가득한 크림과 바삭한 파이 부분은 이 곳에서만 먹을 수 짓는 맛이 아날까 생각올 햇습니다 위치도 빵지순례 코스가 몰려릿는 대흥동에 있어서 꼭 위치 저장해두고 방문해보는 것' 추천드리고 12~13시좀 방문하면 전 제품이 다 진열되어 있어요 파이가든 / #엔제이_대전 주소 : 대전 중구 중앙로 124 이화빌딩 1총 103호 파이가든 영업시간 매일 10:00~20:00 라스트오더 19:30 #대전카페 #대전빵집 #대전빵지순례 #빵한모금 #파이가튼 2025년 1월 17일 piegardencroissant 대전 중구 대흥동 chae_young_0724 37주 s_ong_nj남에계 대글 추가 GIF
PLACE/IMG_2630.PNG,1,"VAGOnd 12:27 업체등록사진 5/7 2,335 오복떡집 | 서울성동구 성덕정길 32 화제의 양버터떡 맛집 10 188 노원 서울통 seouleats_님 외 4명 팔로우 3,129 잇즈 서울 골목마다 숨어릿는 떡순이들 성지 떡지순례6 대글 추가.."
PLACE/IMG_2631.PNG,1,"12:28 2/16 몸몸무린 빨이라니..< 품픔프린 베미커리 카페 몸몸 머행 세미크 몸몸무린 권렉선 얼굴빵 엉덩미빵 모자빵 무린이가 반한 초코 바나나 몸플무린의 친구든 숨 막히는 뒤태 스크 / 베이금 / 민트 카라켓 카무치노 326 곳즈 스마트독 , 권팅시리즈 인형 키름 등 13 7128 상시운영 신세계백화점 강남점 지하 1층 스위트파크 월~목 10.30 20.00 금~일 10.30 20.30 @sanrio_kr 14 @paca zip 730 paca.zip 팔로우 n Ivet Blue Lemonade Re (저장!) 미친 귀여움. 8월 캐릭터 팔업 행사 14곳.zip 대글 추가.."
PLACE/IMG_2625.PNG,1,"VAGOnd 12:25 )균페이체 4/10 떠움인: #한강오트 #컴섭리트어 #기념일 선율 영등포국 여의서로 16의 드IRANI Ydiner 2 177 THEBAROE 6o9 16 38 감남 서물 seouleats_님 외 4명 팔로우 잇런 4,808 서울에서 진짜 재핑게 놀 수 있는 꿀쟁코스 소개시켜줄께   9(@'o'@)5 대글 추가.."
PLACE/IMG_2619.PNG,1,12:18 DIAial [태평소국질] [현압독방구 2/9 J #한식 업체 등록 사진 네이버불로그 'hyerin1632'님 [오물지국수] [진로집] 데이버불로그 'shp369o'님 업체 등록 사진 {오문장순대국밥] [올래국소컵 488 267 먹릇 데이버불로그 'hee-log' 님 데이버불로그 'hanka95 68 mukit list 팔로우 1.8만 [먹릿 ] #대전종결판36 대전 가기 전에 필수로 저장하자 대글 추가..
PLACE/IMG_2633.PNG,1,12:29 7116 귀여움이 한 점. 취미카되 스물 팔업 취미카와 스시 미니 인념 취미카와 마스코트 랜덤 피규머 굳렉년 간장의지 초밥접시 326 교o 티며초 미니 크로스백 핸드타론 파무치 13 사전 예약 입장 8/1 ~ 8/7 현장 입장 8/8 8/14 무신사 스토어 성수 매일 7100~22.00 'popcon_daewonmedia 14 @paca zip 730 paca.zip 팔로우 7 Blue Lemonade Red Ve (저장!) 미친 귀여움 8월 캐릭터 팔업 행사 14곳.zip 대글 추가..
PLACE/IMG_2627.PNG,1,"VAGOn 12:26 I다 { 버 'STORE 벼 bFt Lft tripgoing 팔로우 7 YOUNG DRUG Qiu Qiu 일본 대표 생활잡화점 '로프트(@loft_official)'가 오는 9월 서울 성수동에 상류합니다. 29CM(@29cmofficial)와 현약올 및 고 9월 2일(수) 부터 6일(일)까지 성수동 연무장길에서 '29CM X LOFT 협업 문구 판업'올 진행하는 것인데요. 로프트는 시즌 한정 상품과 콜라보 곳즈가 풍부해 , 도교 여행 중 '문구 투어' 필수 코스 로 꼽히는 곳입니다. 이번 판업에서는 일본 로프트의 인기 문구 브 랜드와 함께 29CM가 직접 규레이선한 국내 문구 라이프스타일 브 랜드까지 한자리에서 비교하여 둘러블 수 있을 예정인데요 문구 좋아하는 친구름 태그해 이 소식을 알려주세요. 29CM X LOFT 협업 문구 판업 서울 성동구 성수동 연무장길(번지수 추후 공개) 2026.09.02(수) ~ 09.06(일) Al 생성 이미지 6월 4일 회원남의 생각을 남겨보세요. GIF SATYSNEPY WSEUCrA 'KKWAC FASHION ACCESSORiES 'BXATY Irnl 29CM 'POP-UP Cnua"""
PLACE/IMG_2626.PNG,1,"VAGOnd 12:25 )콤페이지 8/10 @@H외폐의트 #테만켓험전신 #액티비트 #스럽만철 선율 종로국 인사동길 터 2,177 0 16 38 감남 서물 seouleats_님 외 4명 팔로우 잇런 4,808 서울에서 진짜 재핑게 놀 수 있는 꿀쟁코스 소개시켜줄께   9(@'o'@)5 대글 추가.."
PLACE/IMG_2632.PNG,1,12:29 3/16 이곳은 원러 곳즈 천국 서물 질러스트레미년 폐어 미번 머일페에 이라스토야 돈대요 미치 [THE SEOUL ILLUSTRATION FAIR V헌 서움 일러스트레이선 폐어 V거 털장미 되는 마법 326 국즈 쏟어술 테야 '서임데V 20 현갑사진 13 7/30 8/2 서울 코액스 C올 매일 10.00 18.00 @seoulillustrationfair 0 14 @pacazip 730 paca.zip 팔로우 nonade Red Velvet Blu (저장!) 미친 귀여움 8월 캐릭터 팔업 행사 14곳.zip 대글 추가..
SCHEDULE/Screenshot_20260704_174648_KakaoTalk.jpg,0,"미테크심염되과의원 kakao 말림록 도착 만념하세요 미테크성염되과의원자니다 다른 환자분들의 소중한 u간들 위해 메막 ! 간들 꼭 지켜주 : |면 감사하켓습니다; #메막자면; 모데린 #데막날짜8 : |간; 07월 2구밀 17X1 미분 #삼담전화' 만5-714-4E73 데막 변동하참 및드 니면 병문므로 면락주니거나 !: . 카카모록 채널들 통해 문미주세요 모무 E,53 4 '멘트 유투브 진료니|간 주차만내 네미버메막 쉬료무기"
